-- --------------------------------------------------------
-- Host:                         localhost
-- Versión del servidor:         5.7.23 - MySQL Community Server (GPL)
-- SO del servidor:              Win32
-- HeidiSQL Versión:             9.4.0.5125
-- --------------------------------------------------------

/*!40101 SET @OLD_CHARACTER_SET_CLIENT=@@CHARACTER_SET_CLIENT */;
/*!40101 SET NAMES utf8 */;
/*!50503 SET NAMES utf8mb4 */;
/*!40014 SET @OLD_FOREIGN_KEY_CHECKS=@@FOREIGN_KEY_CHECKS, FOREIGN_KEY_CHECKS=0 */;
/*!40101 SET @OLD_SQL_MODE=@@SQL_MODE, SQL_MODE='NO_AUTO_VALUE_ON_ZERO' */;


-- Volcando estructura de base de datos para cupon_store
DROP DATABASE IF EXISTS `cupon_store`;
CREATE DATABASE IF NOT EXISTS `cupon_store` /*!40100 DEFAULT CHARACTER SET utf8 */;
USE `cupon_store`;

-- Volcando estructura para tabla cupon_store.branches
DROP TABLE IF EXISTS `branches`;
CREATE TABLE IF NOT EXISTS `branches` (
  `id` int(10) unsigned NOT NULL AUTO_INCREMENT,
  `address` varchar(191) COLLATE utf8mb4_unicode_ci NOT NULL,
  `telephone` varchar(12) COLLATE utf8mb4_unicode_ci NOT NULL,
  `company_id` int(10) unsigned NOT NULL,
  `city_id` int(10) unsigned NOT NULL,
  `person_id` int(10) unsigned NOT NULL,
  `created_at` timestamp NULL DEFAULT NULL,
  `updated_at` timestamp NULL DEFAULT NULL,
  PRIMARY KEY (`id`),
  UNIQUE KEY `branches_telephone_unique` (`telephone`),
  KEY `branches_company_id_foreign` (`company_id`),
  KEY `branches_city_id_foreign` (`city_id`),
  KEY `branches_person_id_foreign` (`person_id`),
  CONSTRAINT `branches_city_id_foreign` FOREIGN KEY (`city_id`) REFERENCES `cities` (`id`),
  CONSTRAINT `branches_company_id_foreign` FOREIGN KEY (`company_id`) REFERENCES `companies` (`id`),
  CONSTRAINT `branches_person_id_foreign` FOREIGN KEY (`person_id`) REFERENCES `persons` (`id`)
) ENGINE=InnoDB AUTO_INCREMENT=12 DEFAULT CHARSET=utf8mb4 COLLATE=utf8mb4_unicode_ci;

-- Volcando datos para la tabla cupon_store.branches: ~8 rows (aproximadamente)
DELETE FROM `branches`;
/*!40000 ALTER TABLE `branches` DISABLE KEYS */;
INSERT INTO `branches` (`id`, `address`, `telephone`, `company_id`, `city_id`, `person_id`, `created_at`, `updated_at`) VALUES
	(1, '123456sdfg', '2345671', 1, 1, 1, '2019-03-04 16:37:19', '2019-03-04 16:37:19'),
	(2, 'Dir1', '123456789', 1, 1, 1, '2019-03-04 16:37:19', '2019-03-04 16:37:19'),
	(3, 'Carrera 17 60N #22-3', '23456789', 1, 679, 1, '2019-03-05 22:04:10', '2019-03-05 22:04:10'),
	(5, 'Carrera 17 60N #22-3234', '65432345', 11, 679, 4, '2019-03-05 22:05:20', '2019-03-05 22:05:20'),
	(7, 'Carrera 17 60N #22-323433', '234565432', 11, 654, 4, '2019-03-05 22:06:50', '2019-03-05 22:06:50'),
	(8, 'Carrera 17 60N #22-3', '09876543', 1, 740, 1, '2019-03-05 22:10:52', '2019-03-05 22:10:52'),
	(10, 'Carrera 17 60N #22-323433', '98765432', 13, 435, 4, '2019-03-06 09:18:39', '2019-03-06 09:18:39'),
	(11, 'calle 13 numero 32 14', '3124567789', 14, 321, 10, '2019-03-06 17:03:29', '2019-03-06 17:03:29');
/*!40000 ALTER TABLE `branches` ENABLE KEYS */;

-- Volcando estructura para tabla cupon_store.branch_product
DROP TABLE IF EXISTS `branch_product`;
CREATE TABLE IF NOT EXISTS `branch_product` (
  `id` int(10) unsigned NOT NULL AUTO_INCREMENT,
  `branch_id` int(10) unsigned NOT NULL,
  `product_id` int(10) unsigned NOT NULL,
  `created_at` timestamp NULL DEFAULT NULL,
  `updated_at` timestamp NULL DEFAULT NULL,
  PRIMARY KEY (`id`),
  KEY `branch_product_branch_id_foreign` (`branch_id`),
  KEY `branch_product_product_id_foreign` (`product_id`),
  CONSTRAINT `branch_product_branch_id_foreign` FOREIGN KEY (`branch_id`) REFERENCES `branches` (`id`),
  CONSTRAINT `branch_product_product_id_foreign` FOREIGN KEY (`product_id`) REFERENCES `products` (`id`)
) ENGINE=InnoDB AUTO_INCREMENT=2 DEFAULT CHARSET=utf8mb4 COLLATE=utf8mb4_unicode_ci;

-- Volcando datos para la tabla cupon_store.branch_product: ~1 rows (aproximadamente)
DELETE FROM `branch_product`;
/*!40000 ALTER TABLE `branch_product` DISABLE KEYS */;
INSERT INTO `branch_product` (`id`, `branch_id`, `product_id`, `created_at`, `updated_at`) VALUES
	(1, 1, 1, '2019-03-04 16:37:19', '2019-03-04 16:37:19');
/*!40000 ALTER TABLE `branch_product` ENABLE KEYS */;

-- Volcando estructura para tabla cupon_store.brands
DROP TABLE IF EXISTS `brands`;
CREATE TABLE IF NOT EXISTS `brands` (
  `id` int(10) unsigned NOT NULL AUTO_INCREMENT,
  `name` varchar(191) COLLATE utf8mb4_unicode_ci NOT NULL,
  `created_at` timestamp NULL DEFAULT NULL,
  `updated_at` timestamp NULL DEFAULT NULL,
  PRIMARY KEY (`id`),
  UNIQUE KEY `brands_name_unique` (`name`)
) ENGINE=InnoDB AUTO_INCREMENT=39 DEFAULT CHARSET=utf8mb4 COLLATE=utf8mb4_unicode_ci;

-- Volcando datos para la tabla cupon_store.brands: ~38 rows (aproximadamente)
DELETE FROM `brands`;
/*!40000 ALTER TABLE `brands` DISABLE KEYS */;
INSERT INTO `brands` (`id`, `name`, `created_at`, `updated_at`) VALUES
	(1, 'Adidas', '2019-03-04 16:37:19', '2019-03-04 16:37:19'),
	(2, 'Nike', '2019-03-06 16:37:20', '2019-03-06 16:37:20'),
	(3, 'Samsung', '2019-03-06 16:37:35', '2019-03-06 16:37:35'),
	(4, 'Lenovo', '2019-03-06 16:37:40', '2019-03-06 16:37:40'),
	(5, 'SONY', '2019-03-06 16:37:54', '2019-03-06 16:37:54'),
	(6, 'HP', '2019-03-06 16:38:15', '2019-03-06 16:38:15'),
	(7, 'Toshiba', '2019-03-06 16:38:25', '2019-03-06 16:38:25'),
	(8, 'Asus', '2019-03-06 16:38:37', '2019-03-06 16:38:37'),
	(9, 'Mabe', '2019-03-06 16:38:50', '2019-03-06 16:38:50'),
	(10, 'Koaj', '2019-03-06 16:39:29', '2019-03-06 16:39:29'),
	(11, 'Epk', '2019-03-06 16:39:37', '2019-03-06 16:39:37'),
	(12, 'Exito', '2019-03-06 16:39:44', '2019-03-06 16:39:44'),
	(13, 'Motorola', '2019-03-06 16:40:14', '2019-03-06 16:40:14'),
	(14, 'Dell', '2019-03-06 16:40:39', '2019-03-06 16:40:39'),
	(15, 'Wirpool', '2019-03-06 16:40:56', '2019-03-06 16:40:56'),
	(16, 'Reebok', '2019-03-06 16:41:24', '2019-03-06 16:41:24'),
	(17, 'H&M', '2019-03-06 16:42:05', '2019-03-06 16:42:05'),
	(18, 'Bata', '2019-03-06 16:42:24', '2019-03-06 16:42:24'),
	(19, 'Mattelsa', '2019-03-06 16:42:57', '2019-03-06 16:42:57'),
	(20, 'Dewalt', '2019-03-06 16:45:19', '2019-03-06 16:45:19'),
	(21, 'Black&decker', '2019-03-06 16:45:34', '2019-03-06 16:45:34'),
	(22, 'CAT', '2019-03-06 16:46:09', '2019-03-06 16:46:09'),
	(23, 'Corona', '2019-03-06 16:46:17', '2019-03-06 16:46:17'),
	(24, 'Italia', '2019-03-06 16:46:23', '2019-03-06 16:46:23'),
	(25, 'Casio', '2019-03-06 16:46:39', '2019-03-06 16:46:39'),
	(26, 'Rolex', '2019-03-06 16:46:43', '2019-03-06 16:46:43'),
	(27, 'Q&Q', '2019-03-06 16:46:51', '2019-03-06 16:46:51'),
	(28, 'Totto', '2019-03-06 16:46:52', '2019-03-06 16:46:52'),
	(29, 'Microsoft', '2019-03-06 16:47:01', '2019-03-06 16:47:01'),
	(30, 'Huawei', '2019-03-06 16:47:46', '2019-03-06 16:47:46'),
	(31, 'Apple', '2019-03-06 16:48:01', '2019-03-06 16:48:01'),
	(32, 'Donkan', '2019-03-06 16:48:24', '2019-03-06 16:48:24'),
	(33, 'Piopio', '2019-03-06 16:48:27', '2019-03-06 16:48:27'),
	(34, 'McDonald\'s', '2019-03-06 16:48:52', '2019-03-06 16:48:52'),
	(35, 'Frisby', '2019-03-06 16:48:56', '2019-03-06 16:48:56'),
	(36, 'El corral', '2019-03-06 16:49:04', '2019-03-06 16:49:04'),
	(37, 'KFC', '2019-03-06 16:49:18', '2019-03-06 16:49:18'),
	(38, 'Unitec', '2019-03-06 16:49:48', '2019-03-06 16:49:48');
/*!40000 ALTER TABLE `brands` ENABLE KEYS */;

-- Volcando estructura para tabla cupon_store.carts
DROP TABLE IF EXISTS `carts`;
CREATE TABLE IF NOT EXISTS `carts` (
  `id` int(10) unsigned NOT NULL AUTO_INCREMENT,
  `amount` smallint(5) unsigned NOT NULL,
  `coupon_id` int(10) unsigned NOT NULL,
  `person_id` int(10) unsigned NOT NULL,
  `created_at` timestamp NULL DEFAULT NULL,
  `updated_at` timestamp NULL DEFAULT NULL,
  PRIMARY KEY (`id`),
  KEY `carts_coupon_id_foreign` (`coupon_id`),
  KEY `carts_person_id_foreign` (`person_id`),
  CONSTRAINT `carts_coupon_id_foreign` FOREIGN KEY (`coupon_id`) REFERENCES `coupons` (`id`),
  CONSTRAINT `carts_person_id_foreign` FOREIGN KEY (`person_id`) REFERENCES `persons` (`id`)
) ENGINE=InnoDB DEFAULT CHARSET=utf8mb4 COLLATE=utf8mb4_unicode_ci;

-- Volcando datos para la tabla cupon_store.carts: ~0 rows (aproximadamente)
DELETE FROM `carts`;
/*!40000 ALTER TABLE `carts` DISABLE KEYS */;
/*!40000 ALTER TABLE `carts` ENABLE KEYS */;

-- Volcando estructura para tabla cupon_store.categories
DROP TABLE IF EXISTS `categories`;
CREATE TABLE IF NOT EXISTS `categories` (
  `id` int(10) unsigned NOT NULL AUTO_INCREMENT,
  `name` varchar(191) COLLATE utf8mb4_unicode_ci NOT NULL,
  `created_at` timestamp NULL DEFAULT NULL,
  `updated_at` timestamp NULL DEFAULT NULL,
  PRIMARY KEY (`id`),
  UNIQUE KEY `categories_name_unique` (`name`)
) ENGINE=InnoDB AUTO_INCREMENT=22 DEFAULT CHARSET=utf8mb4 COLLATE=utf8mb4_unicode_ci;

-- Volcando datos para la tabla cupon_store.categories: ~21 rows (aproximadamente)
DELETE FROM `categories`;
/*!40000 ALTER TABLE `categories` DISABLE KEYS */;
INSERT INTO `categories` (`id`, `name`, `created_at`, `updated_at`) VALUES
	(1, 'Tecnología', '2019-03-04 16:37:19', '2019-03-04 16:38:30'),
	(2, 'TV, Audio y Foto', '2019-03-04 16:37:19', '2019-03-04 16:37:19'),
	(3, 'Arte y artesanías', '2019-03-04 16:37:19', '2019-03-04 16:37:19'),
	(4, 'Automotriz', '2019-03-04 16:37:19', '2019-03-04 16:37:19'),
	(5, 'Juguetes', '2019-03-04 16:37:19', '2019-03-04 16:37:19'),
	(6, 'Belleza y cuidado personal', '2019-03-04 16:37:19', '2019-03-04 16:37:19'),
	(7, 'Libros', '2019-03-04 16:37:19', '2019-03-04 16:37:19'),
	(8, 'Computación', '2019-03-04 16:37:19', '2019-03-04 16:37:19'),
	(9, 'Celulares y Tablets', '2019-03-04 16:37:19', '2019-03-04 16:37:19'),
	(10, 'Moda', '2019-03-04 16:37:19', '2019-03-04 16:37:19'),
	(11, 'Salud y productos para el hogar', '2019-03-04 16:37:19', '2019-03-04 16:37:19'),
	(12, 'Hogar y cocina', '2019-03-04 16:37:19', '2019-03-04 16:37:19'),
	(13, 'Industrial y científico', '2019-03-04 16:37:19', '2019-03-04 16:37:19'),
	(14, 'Equipaje', '2019-03-04 16:37:19', '2019-03-04 16:37:19'),
	(15, 'Insumos para mascotas', '2019-03-04 16:37:19', '2019-03-04 16:37:19'),
	(16, 'Software', '2019-03-04 16:37:19', '2019-03-04 16:37:19'),
	(17, 'Deportes y actividades al aire libre', '2019-03-04 16:37:19', '2019-03-04 16:37:19'),
	(18, 'Herramientas y mejoramiento del hogar', '2019-03-04 16:37:19', '2019-03-04 16:37:19'),
	(19, 'Juguetes y juegos', '2019-03-04 16:37:19', '2019-03-04 16:37:19'),
	(20, 'Consolas y Videojuegos', '2019-03-04 16:37:19', '2019-03-04 16:37:19'),
	(21, 'Ventas y ofertas', '2019-03-04 16:37:19', '2019-03-04 16:37:19');
/*!40000 ALTER TABLE `categories` ENABLE KEYS */;

-- Volcando estructura para tabla cupon_store.cities
DROP TABLE IF EXISTS `cities`;
CREATE TABLE IF NOT EXISTS `cities` (
  `id` int(10) unsigned NOT NULL AUTO_INCREMENT,
  `name` varchar(191) COLLATE utf8mb4_unicode_ci NOT NULL,
  `department_id` int(10) unsigned NOT NULL,
  `created_at` timestamp NULL DEFAULT NULL,
  `updated_at` timestamp NULL DEFAULT NULL,
  PRIMARY KEY (`id`),
  KEY `cities_department_id_foreign` (`department_id`),
  CONSTRAINT `cities_department_id_foreign` FOREIGN KEY (`department_id`) REFERENCES `departments` (`id`)
) ENGINE=InnoDB AUTO_INCREMENT=1101 DEFAULT CHARSET=utf8mb4 COLLATE=utf8mb4_unicode_ci;

-- Volcando datos para la tabla cupon_store.cities: ~1.100 rows (aproximadamente)
DELETE FROM `cities`;
/*!40000 ALTER TABLE `cities` DISABLE KEYS */;
INSERT INTO `cities` (`id`, `name`, `department_id`, `created_at`, `updated_at`) VALUES
	(1, 'Abriaquí', 5, '2019-03-04 16:37:16', '2019-03-04 16:37:16'),
	(2, 'Acacías', 50, '2019-03-04 16:37:16', '2019-03-04 16:37:16'),
	(3, 'Acandí', 27, '2019-03-04 16:37:16', '2019-03-04 16:37:16'),
	(4, 'Acevedo', 41, '2019-03-04 16:37:16', '2019-03-04 16:37:16'),
	(5, 'Achí', 13, '2019-03-04 16:37:16', '2019-03-04 16:37:16'),
	(6, 'Agrado', 41, '2019-03-04 16:37:16', '2019-03-04 16:37:16'),
	(7, 'Agua de Dios', 25, '2019-03-04 16:37:16', '2019-03-04 16:37:16'),
	(8, 'Aguachica', 20, '2019-03-04 16:37:16', '2019-03-04 16:37:16'),
	(9, 'Aguada', 68, '2019-03-04 16:37:16', '2019-03-04 16:37:16'),
	(10, 'Aguadas', 17, '2019-03-04 16:37:16', '2019-03-04 16:37:16'),
	(11, 'Aguazul', 85, '2019-03-04 16:37:16', '2019-03-04 16:37:16'),
	(12, 'Agustín Codazzi', 20, '2019-03-04 16:37:16', '2019-03-04 16:37:16'),
	(13, 'Aipe', 41, '2019-03-04 16:37:16', '2019-03-04 16:37:16'),
	(14, 'Albania', 18, '2019-03-04 16:37:16', '2019-03-04 16:37:16'),
	(15, 'Albania', 44, '2019-03-04 16:37:16', '2019-03-04 16:37:16'),
	(16, 'Albania', 68, '2019-03-04 16:37:16', '2019-03-04 16:37:16'),
	(17, 'Albán', 25, '2019-03-04 16:37:16', '2019-03-04 16:37:16'),
	(18, 'Albán [San José]', 52, '2019-03-04 16:37:16', '2019-03-04 16:37:16'),
	(19, 'Alcalá', 76, '2019-03-04 16:37:16', '2019-03-04 16:37:16'),
	(20, 'Alejandria', 5, '2019-03-04 16:37:16', '2019-03-04 16:37:16'),
	(21, 'Algarrobo', 47, '2019-03-04 16:37:16', '2019-03-04 16:37:16'),
	(22, 'Algeciras', 41, '2019-03-04 16:37:16', '2019-03-04 16:37:16'),
	(23, 'Almaguer', 19, '2019-03-04 16:37:16', '2019-03-04 16:37:16'),
	(24, 'Almeida', 15, '2019-03-04 16:37:16', '2019-03-04 16:37:16'),
	(25, 'Alpujarra', 73, '2019-03-04 16:37:16', '2019-03-04 16:37:16'),
	(26, 'Altamira', 41, '2019-03-04 16:37:16', '2019-03-04 16:37:16'),
	(27, 'Alto Baudó [Pie de Pato]', 27, '2019-03-04 16:37:16', '2019-03-04 16:37:16'),
	(28, 'Altos del Rosario', 13, '2019-03-04 16:37:16', '2019-03-04 16:37:16'),
	(29, 'Alvarado', 73, '2019-03-04 16:37:16', '2019-03-04 16:37:16'),
	(30, 'Amagá', 5, '2019-03-04 16:37:16', '2019-03-04 16:37:16'),
	(31, 'Amalfi', 5, '2019-03-04 16:37:16', '2019-03-04 16:37:16'),
	(32, 'Ambalema', 73, '2019-03-04 16:37:16', '2019-03-04 16:37:16'),
	(33, 'Anapoima', 25, '2019-03-04 16:37:16', '2019-03-04 16:37:16'),
	(34, 'Ancuya', 52, '2019-03-04 16:37:16', '2019-03-04 16:37:16'),
	(35, 'Andalucía', 76, '2019-03-04 16:37:16', '2019-03-04 16:37:16'),
	(36, 'Andes', 5, '2019-03-04 16:37:16', '2019-03-04 16:37:16'),
	(37, 'Angelópolis', 5, '2019-03-04 16:37:16', '2019-03-04 16:37:16'),
	(38, 'Angostura', 5, '2019-03-04 16:37:16', '2019-03-04 16:37:16'),
	(39, 'Anolaima', 25, '2019-03-04 16:37:16', '2019-03-04 16:37:16'),
	(40, 'Anorí', 5, '2019-03-04 16:37:16', '2019-03-04 16:37:16'),
	(41, 'Anserma', 17, '2019-03-04 16:37:16', '2019-03-04 16:37:16'),
	(42, 'Ansermanuevo', 76, '2019-03-04 16:37:16', '2019-03-04 16:37:16'),
	(43, 'Anzoátegui', 73, '2019-03-04 16:37:16', '2019-03-04 16:37:16'),
	(44, 'Anzá', 5, '2019-03-04 16:37:16', '2019-03-04 16:37:16'),
	(45, 'Apartadó', 5, '2019-03-04 16:37:16', '2019-03-04 16:37:16'),
	(46, 'Apulo', 25, '2019-03-04 16:37:16', '2019-03-04 16:37:16'),
	(47, 'Apía', 66, '2019-03-04 16:37:16', '2019-03-04 16:37:16'),
	(48, 'Aquitania', 15, '2019-03-04 16:37:16', '2019-03-04 16:37:16'),
	(49, 'Aracataca', 47, '2019-03-04 16:37:16', '2019-03-04 16:37:16'),
	(50, 'Aranzazu', 17, '2019-03-04 16:37:16', '2019-03-04 16:37:16'),
	(51, 'Aratoca', 68, '2019-03-04 16:37:16', '2019-03-04 16:37:16'),
	(52, 'Arauca', 81, '2019-03-04 16:37:16', '2019-03-04 16:37:16'),
	(53, 'Arauquita', 81, '2019-03-04 16:37:16', '2019-03-04 16:37:16'),
	(54, 'Arbeláez', 25, '2019-03-04 16:37:16', '2019-03-04 16:37:16'),
	(55, 'Arboleda [Berruecos]', 52, '2019-03-04 16:37:16', '2019-03-04 16:37:16'),
	(56, 'Arboledas', 54, '2019-03-04 16:37:16', '2019-03-04 16:37:16'),
	(57, 'Arboletes', 5, '2019-03-04 16:37:16', '2019-03-04 16:37:16'),
	(58, 'Arcabuco', 15, '2019-03-04 16:37:16', '2019-03-04 16:37:16'),
	(59, 'Arenal', 13, '2019-03-04 16:37:16', '2019-03-04 16:37:16'),
	(60, 'Argelia', 5, '2019-03-04 16:37:16', '2019-03-04 16:37:16'),
	(61, 'Argelia', 19, '2019-03-04 16:37:16', '2019-03-04 16:37:16'),
	(62, 'Argelia', 76, '2019-03-04 16:37:16', '2019-03-04 16:37:16'),
	(63, 'Ariguaní [El Difícil]', 47, '2019-03-04 16:37:16', '2019-03-04 16:37:16'),
	(64, 'Arjona', 13, '2019-03-04 16:37:16', '2019-03-04 16:37:16'),
	(65, 'Armenia', 5, '2019-03-04 16:37:16', '2019-03-04 16:37:16'),
	(66, 'Armenia', 63, '2019-03-04 16:37:16', '2019-03-04 16:37:16'),
	(67, 'Armero [Guayabal]', 73, '2019-03-04 16:37:16', '2019-03-04 16:37:16'),
	(68, 'Arroyohondo', 13, '2019-03-04 16:37:16', '2019-03-04 16:37:16'),
	(69, 'Astrea', 20, '2019-03-04 16:37:16', '2019-03-04 16:37:16'),
	(70, 'Ataco', 73, '2019-03-04 16:37:16', '2019-03-04 16:37:16'),
	(71, 'Atrato [Yuto]', 27, '2019-03-04 16:37:16', '2019-03-04 16:37:16'),
	(72, 'Ayapel', 23, '2019-03-04 16:37:16', '2019-03-04 16:37:16'),
	(73, 'Bagadó', 27, '2019-03-04 16:37:16', '2019-03-04 16:37:16'),
	(74, 'Bahía Solano [Mútis]', 27, '2019-03-04 16:37:16', '2019-03-04 16:37:16'),
	(75, 'Bajo Baudó [Pizarro]', 27, '2019-03-04 16:37:16', '2019-03-04 16:37:16'),
	(76, 'Balboa', 19, '2019-03-04 16:37:16', '2019-03-04 16:37:16'),
	(77, 'Balboa', 66, '2019-03-04 16:37:16', '2019-03-04 16:37:16'),
	(78, 'Baranoa', 8, '2019-03-04 16:37:16', '2019-03-04 16:37:16'),
	(79, 'Baraya', 41, '2019-03-04 16:37:16', '2019-03-04 16:37:16'),
	(80, 'Barbacoas', 52, '2019-03-04 16:37:16', '2019-03-04 16:37:16'),
	(81, 'Barbosa', 5, '2019-03-04 16:37:16', '2019-03-04 16:37:16'),
	(82, 'Barbosa', 68, '2019-03-04 16:37:16', '2019-03-04 16:37:16'),
	(83, 'Barichara', 68, '2019-03-04 16:37:16', '2019-03-04 16:37:16'),
	(84, 'Barranca de Upía', 50, '2019-03-04 16:37:16', '2019-03-04 16:37:16'),
	(85, 'Barrancabermeja', 68, '2019-03-04 16:37:16', '2019-03-04 16:37:16'),
	(86, 'Barrancas', 44, '2019-03-04 16:37:16', '2019-03-04 16:37:16'),
	(87, 'Barranco de Loba', 13, '2019-03-04 16:37:16', '2019-03-04 16:37:16'),
	(88, 'Barranquilla', 8, '2019-03-04 16:37:16', '2019-03-04 16:37:16'),
	(89, 'Becerríl', 20, '2019-03-04 16:37:16', '2019-03-04 16:37:16'),
	(90, 'Belalcázar', 17, '2019-03-04 16:37:16', '2019-03-04 16:37:16'),
	(91, 'Bello', 5, '2019-03-04 16:37:16', '2019-03-04 16:37:16'),
	(92, 'Belmira', 5, '2019-03-04 16:37:16', '2019-03-04 16:37:16'),
	(93, 'Beltrán', 25, '2019-03-04 16:37:16', '2019-03-04 16:37:16'),
	(94, 'Belén', 15, '2019-03-04 16:37:16', '2019-03-04 16:37:16'),
	(95, 'Belén', 52, '2019-03-04 16:37:16', '2019-03-04 16:37:16'),
	(96, 'Belén de Bajirá', 27, '2019-03-04 16:37:16', '2019-03-04 16:37:16'),
	(97, 'Belén de Umbría', 66, '2019-03-04 16:37:16', '2019-03-04 16:37:16'),
	(98, 'Belén de los Andaquíes', 18, '2019-03-04 16:37:16', '2019-03-04 16:37:16'),
	(99, 'Berbeo', 15, '2019-03-04 16:37:16', '2019-03-04 16:37:16'),
	(100, 'Betania', 5, '2019-03-04 16:37:16', '2019-03-04 16:37:16'),
	(101, 'Beteitiva', 15, '2019-03-04 16:37:16', '2019-03-04 16:37:16'),
	(102, 'Betulia', 5, '2019-03-04 16:37:16', '2019-03-04 16:37:16'),
	(103, 'Betulia', 68, '2019-03-04 16:37:16', '2019-03-04 16:37:16'),
	(104, 'Bituima', 25, '2019-03-04 16:37:16', '2019-03-04 16:37:16'),
	(105, 'Boavita', 15, '2019-03-04 16:37:16', '2019-03-04 16:37:16'),
	(106, 'Bochalema', 54, '2019-03-04 16:37:16', '2019-03-04 16:37:16'),
	(107, 'Bogotá D.C.', 11, '2019-03-04 16:37:16', '2019-03-04 16:37:16'),
	(108, 'Bojacá', 25, '2019-03-04 16:37:16', '2019-03-04 16:37:16'),
	(109, 'Bojayá [Bellavista]', 27, '2019-03-04 16:37:16', '2019-03-04 16:37:16'),
	(110, 'Bolívar', 5, '2019-03-04 16:37:16', '2019-03-04 16:37:16'),
	(111, 'Bolívar', 19, '2019-03-04 16:37:16', '2019-03-04 16:37:16'),
	(112, 'Bolívar', 68, '2019-03-04 16:37:16', '2019-03-04 16:37:16'),
	(113, 'Bolívar', 76, '2019-03-04 16:37:16', '2019-03-04 16:37:16'),
	(114, 'Bosconia', 20, '2019-03-04 16:37:16', '2019-03-04 16:37:16'),
	(115, 'Boyacá', 15, '2019-03-04 16:37:16', '2019-03-04 16:37:16'),
	(116, 'Briceño', 5, '2019-03-04 16:37:16', '2019-03-04 16:37:16'),
	(117, 'Briceño', 15, '2019-03-04 16:37:16', '2019-03-04 16:37:16'),
	(118, 'Bucaramanga', 68, '2019-03-04 16:37:16', '2019-03-04 16:37:16'),
	(119, 'Bucarasica', 54, '2019-03-04 16:37:16', '2019-03-04 16:37:16'),
	(120, 'Buenaventura', 76, '2019-03-04 16:37:16', '2019-03-04 16:37:16'),
	(121, 'Buenavista', 15, '2019-03-04 16:37:16', '2019-03-04 16:37:16'),
	(122, 'Buenavista', 23, '2019-03-04 16:37:16', '2019-03-04 16:37:16'),
	(123, 'Buenavista', 63, '2019-03-04 16:37:16', '2019-03-04 16:37:16'),
	(124, 'Buenavista', 70, '2019-03-04 16:37:16', '2019-03-04 16:37:16'),
	(125, 'Buenos Aires', 19, '2019-03-04 16:37:16', '2019-03-04 16:37:16'),
	(126, 'Buesaco', 52, '2019-03-04 16:37:16', '2019-03-04 16:37:16'),
	(127, 'Buga', 76, '2019-03-04 16:37:16', '2019-03-04 16:37:16'),
	(128, 'Bugalagrande', 76, '2019-03-04 16:37:16', '2019-03-04 16:37:16'),
	(129, 'Burítica', 5, '2019-03-04 16:37:16', '2019-03-04 16:37:16'),
	(130, 'Busbanza', 15, '2019-03-04 16:37:16', '2019-03-04 16:37:16'),
	(131, 'Cabrera', 25, '2019-03-04 16:37:16', '2019-03-04 16:37:16'),
	(132, 'Cabrera', 68, '2019-03-04 16:37:16', '2019-03-04 16:37:16'),
	(133, 'Cabuyaro', 50, '2019-03-04 16:37:16', '2019-03-04 16:37:16'),
	(134, 'Cachipay', 25, '2019-03-04 16:37:16', '2019-03-04 16:37:16'),
	(135, 'Caicedo', 5, '2019-03-04 16:37:16', '2019-03-04 16:37:16'),
	(136, 'Caicedonia', 76, '2019-03-04 16:37:16', '2019-03-04 16:37:16'),
	(137, 'Caimito', 70, '2019-03-04 16:37:16', '2019-03-04 16:37:16'),
	(138, 'Cajamarca', 73, '2019-03-04 16:37:16', '2019-03-04 16:37:16'),
	(139, 'Cajibío', 19, '2019-03-04 16:37:16', '2019-03-04 16:37:16'),
	(140, 'Cajicá', 25, '2019-03-04 16:37:16', '2019-03-04 16:37:16'),
	(141, 'Calamar', 13, '2019-03-04 16:37:16', '2019-03-04 16:37:16'),
	(142, 'Calamar', 95, '2019-03-04 16:37:16', '2019-03-04 16:37:16'),
	(143, 'Calarcá', 63, '2019-03-04 16:37:16', '2019-03-04 16:37:16'),
	(144, 'Caldas', 5, '2019-03-04 16:37:16', '2019-03-04 16:37:16'),
	(145, 'Caldas', 15, '2019-03-04 16:37:16', '2019-03-04 16:37:16'),
	(146, 'Caldono', 19, '2019-03-04 16:37:16', '2019-03-04 16:37:16'),
	(147, 'California', 68, '2019-03-04 16:37:16', '2019-03-04 16:37:16'),
	(148, 'Calima [Darién]', 76, '2019-03-04 16:37:16', '2019-03-04 16:37:16'),
	(149, 'Caloto', 19, '2019-03-04 16:37:16', '2019-03-04 16:37:16'),
	(150, 'Calí', 76, '2019-03-04 16:37:16', '2019-03-04 16:37:16'),
	(151, 'Campamento', 5, '2019-03-04 16:37:16', '2019-03-04 16:37:16'),
	(152, 'Campo de la Cruz', 8, '2019-03-04 16:37:16', '2019-03-04 16:37:16'),
	(153, 'Campoalegre', 41, '2019-03-04 16:37:16', '2019-03-04 16:37:16'),
	(154, 'Campohermoso', 15, '2019-03-04 16:37:16', '2019-03-04 16:37:16'),
	(155, 'Canalete', 23, '2019-03-04 16:37:16', '2019-03-04 16:37:16'),
	(156, 'Candelaria', 8, '2019-03-04 16:37:16', '2019-03-04 16:37:16'),
	(157, 'Candelaria', 76, '2019-03-04 16:37:16', '2019-03-04 16:37:16'),
	(158, 'Cantagallo', 13, '2019-03-04 16:37:16', '2019-03-04 16:37:16'),
	(159, 'Cantón de San Pablo', 27, '2019-03-04 16:37:16', '2019-03-04 16:37:16'),
	(160, 'Caparrapí', 25, '2019-03-04 16:37:16', '2019-03-04 16:37:16'),
	(161, 'Capitanejo', 68, '2019-03-04 16:37:16', '2019-03-04 16:37:16'),
	(162, 'Caracolí', 5, '2019-03-04 16:37:16', '2019-03-04 16:37:16'),
	(163, 'Caramanta', 5, '2019-03-04 16:37:16', '2019-03-04 16:37:16'),
	(164, 'Carcasí', 68, '2019-03-04 16:37:16', '2019-03-04 16:37:16'),
	(165, 'Carepa', 5, '2019-03-04 16:37:16', '2019-03-04 16:37:16'),
	(166, 'Carmen de Apicalá', 73, '2019-03-04 16:37:16', '2019-03-04 16:37:16'),
	(167, 'Carmen de Carupa', 25, '2019-03-04 16:37:16', '2019-03-04 16:37:16'),
	(168, 'Carmen de Viboral', 5, '2019-03-04 16:37:16', '2019-03-04 16:37:16'),
	(169, 'Carmen del Darién [CURBARADÓ]', 27, '2019-03-04 16:37:16', '2019-03-04 16:37:16'),
	(170, 'Carolina', 5, '2019-03-04 16:37:16', '2019-03-04 16:37:16'),
	(171, 'Cartagena', 13, '2019-03-04 16:37:16', '2019-03-04 16:37:16'),
	(172, 'Cartagena del Chairá', 18, '2019-03-04 16:37:16', '2019-03-04 16:37:16'),
	(173, 'Cartago', 76, '2019-03-04 16:37:16', '2019-03-04 16:37:16'),
	(174, 'Carurú', 97, '2019-03-04 16:37:16', '2019-03-04 16:37:16'),
	(175, 'Casabianca', 73, '2019-03-04 16:37:16', '2019-03-04 16:37:16'),
	(176, 'Castilla la Nueva', 50, '2019-03-04 16:37:16', '2019-03-04 16:37:16'),
	(177, 'Caucasia', 5, '2019-03-04 16:37:16', '2019-03-04 16:37:16'),
	(178, 'Cañasgordas', 5, '2019-03-04 16:37:16', '2019-03-04 16:37:16'),
	(179, 'Cepita', 68, '2019-03-04 16:37:16', '2019-03-04 16:37:16'),
	(180, 'Cereté', 23, '2019-03-04 16:37:16', '2019-03-04 16:37:16'),
	(181, 'Cerinza', 15, '2019-03-04 16:37:16', '2019-03-04 16:37:16'),
	(182, 'Cerrito', 68, '2019-03-04 16:37:16', '2019-03-04 16:37:16'),
	(183, 'Cerro San Antonio', 47, '2019-03-04 16:37:16', '2019-03-04 16:37:16'),
	(184, 'Chachaguí', 52, '2019-03-04 16:37:16', '2019-03-04 16:37:16'),
	(185, 'Chaguaní', 25, '2019-03-04 16:37:16', '2019-03-04 16:37:16'),
	(186, 'Chalán', 70, '2019-03-04 16:37:16', '2019-03-04 16:37:16'),
	(187, 'Chaparral', 73, '2019-03-04 16:37:16', '2019-03-04 16:37:16'),
	(188, 'Charalá', 68, '2019-03-04 16:37:16', '2019-03-04 16:37:16'),
	(189, 'Charta', 68, '2019-03-04 16:37:16', '2019-03-04 16:37:16'),
	(190, 'Chigorodó', 5, '2019-03-04 16:37:16', '2019-03-04 16:37:16'),
	(191, 'Chima', 68, '2019-03-04 16:37:17', '2019-03-04 16:37:17'),
	(192, 'Chimichagua', 20, '2019-03-04 16:37:17', '2019-03-04 16:37:17'),
	(193, 'Chimá', 23, '2019-03-04 16:37:17', '2019-03-04 16:37:17'),
	(194, 'Chinavita', 15, '2019-03-04 16:37:17', '2019-03-04 16:37:17'),
	(195, 'Chinchiná', 17, '2019-03-04 16:37:17', '2019-03-04 16:37:17'),
	(196, 'Chinácota', 54, '2019-03-04 16:37:17', '2019-03-04 16:37:17'),
	(197, 'Chinú', 23, '2019-03-04 16:37:17', '2019-03-04 16:37:17'),
	(198, 'Chipaque', 25, '2019-03-04 16:37:17', '2019-03-04 16:37:17'),
	(199, 'Chipatá', 68, '2019-03-04 16:37:17', '2019-03-04 16:37:17'),
	(200, 'Chiquinquirá', 15, '2019-03-04 16:37:17', '2019-03-04 16:37:17'),
	(201, 'Chiriguaná', 20, '2019-03-04 16:37:17', '2019-03-04 16:37:17'),
	(202, 'Chiscas', 15, '2019-03-04 16:37:17', '2019-03-04 16:37:17'),
	(203, 'Chita', 15, '2019-03-04 16:37:17', '2019-03-04 16:37:17'),
	(204, 'Chitagá', 54, '2019-03-04 16:37:17', '2019-03-04 16:37:17'),
	(205, 'Chitaraque', 15, '2019-03-04 16:37:17', '2019-03-04 16:37:17'),
	(206, 'Chivatá', 15, '2019-03-04 16:37:17', '2019-03-04 16:37:17'),
	(207, 'Chivolo', 47, '2019-03-04 16:37:17', '2019-03-04 16:37:17'),
	(208, 'Choachí', 25, '2019-03-04 16:37:17', '2019-03-04 16:37:17'),
	(209, 'Chocontá', 25, '2019-03-04 16:37:17', '2019-03-04 16:37:17'),
	(210, 'Chámeza', 85, '2019-03-04 16:37:17', '2019-03-04 16:37:17'),
	(211, 'Chía', 25, '2019-03-04 16:37:17', '2019-03-04 16:37:17'),
	(212, 'Chíquiza', 15, '2019-03-04 16:37:17', '2019-03-04 16:37:17'),
	(213, 'Chívor', 15, '2019-03-04 16:37:17', '2019-03-04 16:37:17'),
	(214, 'Cicuco', 13, '2019-03-04 16:37:17', '2019-03-04 16:37:17'),
	(215, 'Cimitarra', 68, '2019-03-04 16:37:17', '2019-03-04 16:37:17'),
	(216, 'Circasia', 63, '2019-03-04 16:37:17', '2019-03-04 16:37:17'),
	(217, 'Cisneros', 5, '2019-03-04 16:37:17', '2019-03-04 16:37:17'),
	(218, 'Ciénaga', 15, '2019-03-04 16:37:17', '2019-03-04 16:37:17'),
	(219, 'Ciénaga', 47, '2019-03-04 16:37:17', '2019-03-04 16:37:17'),
	(220, 'Ciénaga de Oro', 23, '2019-03-04 16:37:17', '2019-03-04 16:37:17'),
	(221, 'Clemencia', 13, '2019-03-04 16:37:17', '2019-03-04 16:37:17'),
	(222, 'Cocorná', 5, '2019-03-04 16:37:17', '2019-03-04 16:37:17'),
	(223, 'Coello', 73, '2019-03-04 16:37:17', '2019-03-04 16:37:17'),
	(224, 'Cogua', 25, '2019-03-04 16:37:17', '2019-03-04 16:37:17'),
	(225, 'Colombia', 41, '2019-03-04 16:37:17', '2019-03-04 16:37:17'),
	(226, 'Colosó [Ricaurte]', 70, '2019-03-04 16:37:17', '2019-03-04 16:37:17'),
	(227, 'Colón', 86, '2019-03-04 16:37:17', '2019-03-04 16:37:17'),
	(228, 'Colón [Génova]', 52, '2019-03-04 16:37:17', '2019-03-04 16:37:17'),
	(229, 'Concepción', 5, '2019-03-04 16:37:17', '2019-03-04 16:37:17'),
	(230, 'Concepción', 68, '2019-03-04 16:37:17', '2019-03-04 16:37:17'),
	(231, 'Concordia', 5, '2019-03-04 16:37:17', '2019-03-04 16:37:17'),
	(232, 'Concordia', 47, '2019-03-04 16:37:17', '2019-03-04 16:37:17'),
	(233, 'Condoto', 27, '2019-03-04 16:37:17', '2019-03-04 16:37:17'),
	(234, 'Confines', 68, '2019-03-04 16:37:17', '2019-03-04 16:37:17'),
	(235, 'Consaca', 52, '2019-03-04 16:37:17', '2019-03-04 16:37:17'),
	(236, 'Contadero', 52, '2019-03-04 16:37:17', '2019-03-04 16:37:17'),
	(237, 'Contratación', 68, '2019-03-04 16:37:17', '2019-03-04 16:37:17'),
	(238, 'Convención', 54, '2019-03-04 16:37:17', '2019-03-04 16:37:17'),
	(239, 'Copacabana', 5, '2019-03-04 16:37:17', '2019-03-04 16:37:17'),
	(240, 'Coper', 15, '2019-03-04 16:37:17', '2019-03-04 16:37:17'),
	(241, 'Cordobá', 63, '2019-03-04 16:37:17', '2019-03-04 16:37:17'),
	(242, 'Corinto', 19, '2019-03-04 16:37:17', '2019-03-04 16:37:17'),
	(243, 'Coromoro', 68, '2019-03-04 16:37:17', '2019-03-04 16:37:17'),
	(244, 'Corozal', 70, '2019-03-04 16:37:17', '2019-03-04 16:37:17'),
	(245, 'Corrales', 15, '2019-03-04 16:37:17', '2019-03-04 16:37:17'),
	(246, 'Cota', 25, '2019-03-04 16:37:17', '2019-03-04 16:37:17'),
	(247, 'Cotorra', 23, '2019-03-04 16:37:17', '2019-03-04 16:37:17'),
	(248, 'Covarachía', 15, '2019-03-04 16:37:17', '2019-03-04 16:37:17'),
	(249, 'Coveñas', 70, '2019-03-04 16:37:17', '2019-03-04 16:37:17'),
	(250, 'Coyaima', 73, '2019-03-04 16:37:17', '2019-03-04 16:37:17'),
	(251, 'Cravo Norte', 81, '2019-03-04 16:37:17', '2019-03-04 16:37:17'),
	(252, 'Cuaspud [Carlosama]', 52, '2019-03-04 16:37:17', '2019-03-04 16:37:17'),
	(253, 'Cubarral', 50, '2019-03-04 16:37:17', '2019-03-04 16:37:17'),
	(254, 'Cubará', 15, '2019-03-04 16:37:17', '2019-03-04 16:37:17'),
	(255, 'Cucaita', 15, '2019-03-04 16:37:17', '2019-03-04 16:37:17'),
	(256, 'Cucunubá', 25, '2019-03-04 16:37:17', '2019-03-04 16:37:17'),
	(257, 'Cucutilla', 54, '2019-03-04 16:37:17', '2019-03-04 16:37:17'),
	(258, 'Cuitiva', 15, '2019-03-04 16:37:17', '2019-03-04 16:37:17'),
	(259, 'Cumaral', 50, '2019-03-04 16:37:17', '2019-03-04 16:37:17'),
	(260, 'Cumaribo', 99, '2019-03-04 16:37:17', '2019-03-04 16:37:17'),
	(261, 'Cumbal', 52, '2019-03-04 16:37:17', '2019-03-04 16:37:17'),
	(262, 'Cumbitara', 52, '2019-03-04 16:37:17', '2019-03-04 16:37:17'),
	(263, 'Cunday', 73, '2019-03-04 16:37:17', '2019-03-04 16:37:17'),
	(264, 'Curillo', 18, '2019-03-04 16:37:17', '2019-03-04 16:37:17'),
	(265, 'Curití', 68, '2019-03-04 16:37:17', '2019-03-04 16:37:17'),
	(266, 'Curumaní', 20, '2019-03-04 16:37:17', '2019-03-04 16:37:17'),
	(267, 'Cáceres', 5, '2019-03-04 16:37:17', '2019-03-04 16:37:17'),
	(268, 'Cáchira', 54, '2019-03-04 16:37:17', '2019-03-04 16:37:17'),
	(269, 'Cácota', 54, '2019-03-04 16:37:17', '2019-03-04 16:37:17'),
	(270, 'Cáqueza', 25, '2019-03-04 16:37:17', '2019-03-04 16:37:17'),
	(271, 'Cértegui', 27, '2019-03-04 16:37:17', '2019-03-04 16:37:17'),
	(272, 'Cómbita', 15, '2019-03-04 16:37:17', '2019-03-04 16:37:17'),
	(273, 'Córdoba', 13, '2019-03-04 16:37:17', '2019-03-04 16:37:17'),
	(274, 'Córdoba', 52, '2019-03-04 16:37:17', '2019-03-04 16:37:17'),
	(275, 'Cúcuta', 54, '2019-03-04 16:37:17', '2019-03-04 16:37:17'),
	(276, 'Dabeiba', 5, '2019-03-04 16:37:17', '2019-03-04 16:37:17'),
	(277, 'Dagua', 76, '2019-03-04 16:37:17', '2019-03-04 16:37:17'),
	(278, 'Dibulla', 44, '2019-03-04 16:37:17', '2019-03-04 16:37:17'),
	(279, 'Distracción', 44, '2019-03-04 16:37:17', '2019-03-04 16:37:17'),
	(280, 'Dolores', 73, '2019-03-04 16:37:17', '2019-03-04 16:37:17'),
	(281, 'Don Matías', 5, '2019-03-04 16:37:17', '2019-03-04 16:37:17'),
	(282, 'Dos Quebradas', 66, '2019-03-04 16:37:17', '2019-03-04 16:37:17'),
	(283, 'Duitama', 15, '2019-03-04 16:37:17', '2019-03-04 16:37:17'),
	(284, 'Durania', 54, '2019-03-04 16:37:17', '2019-03-04 16:37:17'),
	(285, 'Ebéjico', 5, '2019-03-04 16:37:17', '2019-03-04 16:37:17'),
	(286, 'El Bagre', 5, '2019-03-04 16:37:17', '2019-03-04 16:37:17'),
	(287, 'El Banco', 47, '2019-03-04 16:37:17', '2019-03-04 16:37:17'),
	(288, 'El Cairo', 76, '2019-03-04 16:37:17', '2019-03-04 16:37:17'),
	(289, 'El Calvario', 50, '2019-03-04 16:37:17', '2019-03-04 16:37:17'),
	(290, 'El Carmen', 54, '2019-03-04 16:37:17', '2019-03-04 16:37:17'),
	(291, 'El Carmen', 68, '2019-03-04 16:37:17', '2019-03-04 16:37:17'),
	(292, 'El Carmen de Atrato', 27, '2019-03-04 16:37:17', '2019-03-04 16:37:17'),
	(293, 'El Carmen de Bolívar', 13, '2019-03-04 16:37:17', '2019-03-04 16:37:17'),
	(294, 'El Castillo', 50, '2019-03-04 16:37:17', '2019-03-04 16:37:17'),
	(295, 'El Cerrito', 76, '2019-03-04 16:37:17', '2019-03-04 16:37:17'),
	(296, 'El Charco', 52, '2019-03-04 16:37:17', '2019-03-04 16:37:17'),
	(297, 'El Cocuy', 15, '2019-03-04 16:37:17', '2019-03-04 16:37:17'),
	(298, 'El Colegio', 25, '2019-03-04 16:37:17', '2019-03-04 16:37:17'),
	(299, 'El Copey', 20, '2019-03-04 16:37:17', '2019-03-04 16:37:17'),
	(300, 'El Doncello', 18, '2019-03-04 16:37:17', '2019-03-04 16:37:17'),
	(301, 'El Dorado', 50, '2019-03-04 16:37:17', '2019-03-04 16:37:17'),
	(302, 'El Dovio', 76, '2019-03-04 16:37:17', '2019-03-04 16:37:17'),
	(303, 'El Espino', 15, '2019-03-04 16:37:17', '2019-03-04 16:37:17'),
	(304, 'El Guacamayo', 68, '2019-03-04 16:37:17', '2019-03-04 16:37:17'),
	(305, 'El Guamo', 13, '2019-03-04 16:37:17', '2019-03-04 16:37:17'),
	(306, 'El Molino', 44, '2019-03-04 16:37:17', '2019-03-04 16:37:17'),
	(307, 'El Paso', 20, '2019-03-04 16:37:17', '2019-03-04 16:37:17'),
	(308, 'El Paujil', 18, '2019-03-04 16:37:17', '2019-03-04 16:37:17'),
	(309, 'El Peñol', 52, '2019-03-04 16:37:17', '2019-03-04 16:37:17'),
	(310, 'El Peñon', 13, '2019-03-04 16:37:17', '2019-03-04 16:37:17'),
	(311, 'El Peñon', 68, '2019-03-04 16:37:17', '2019-03-04 16:37:17'),
	(312, 'El Peñón', 25, '2019-03-04 16:37:17', '2019-03-04 16:37:17'),
	(313, 'El Piñon', 47, '2019-03-04 16:37:17', '2019-03-04 16:37:17'),
	(314, 'El Playón', 68, '2019-03-04 16:37:17', '2019-03-04 16:37:17'),
	(315, 'El Retorno', 95, '2019-03-04 16:37:17', '2019-03-04 16:37:17'),
	(316, 'El Retén', 47, '2019-03-04 16:37:17', '2019-03-04 16:37:17'),
	(317, 'El Roble', 70, '2019-03-04 16:37:17', '2019-03-04 16:37:17'),
	(318, 'El Rosal', 25, '2019-03-04 16:37:17', '2019-03-04 16:37:17'),
	(319, 'El Rosario', 52, '2019-03-04 16:37:17', '2019-03-04 16:37:17'),
	(320, 'El Tablón de Gómez', 52, '2019-03-04 16:37:17', '2019-03-04 16:37:17'),
	(321, 'El Tambo', 19, '2019-03-04 16:37:17', '2019-03-04 16:37:17'),
	(322, 'El Tambo', 52, '2019-03-04 16:37:17', '2019-03-04 16:37:17'),
	(323, 'El Tarra', 54, '2019-03-04 16:37:17', '2019-03-04 16:37:17'),
	(324, 'El Zulia', 54, '2019-03-04 16:37:17', '2019-03-04 16:37:17'),
	(325, 'El Águila', 76, '2019-03-04 16:37:17', '2019-03-04 16:37:17'),
	(326, 'Elías', 41, '2019-03-04 16:37:17', '2019-03-04 16:37:17'),
	(327, 'Encino', 68, '2019-03-04 16:37:17', '2019-03-04 16:37:17'),
	(328, 'Enciso', 68, '2019-03-04 16:37:17', '2019-03-04 16:37:17'),
	(329, 'Entrerríos', 5, '2019-03-04 16:37:17', '2019-03-04 16:37:17'),
	(330, 'Envigado', 5, '2019-03-04 16:37:17', '2019-03-04 16:37:17'),
	(331, 'Espinal', 73, '2019-03-04 16:37:17', '2019-03-04 16:37:17'),
	(332, 'Facatativá', 25, '2019-03-04 16:37:17', '2019-03-04 16:37:17'),
	(333, 'Falan', 73, '2019-03-04 16:37:17', '2019-03-04 16:37:17'),
	(334, 'Filadelfia', 17, '2019-03-04 16:37:17', '2019-03-04 16:37:17'),
	(335, 'Filandia', 63, '2019-03-04 16:37:17', '2019-03-04 16:37:17'),
	(336, 'Firavitoba', 15, '2019-03-04 16:37:17', '2019-03-04 16:37:17'),
	(337, 'Flandes', 73, '2019-03-04 16:37:17', '2019-03-04 16:37:17'),
	(338, 'Florencia', 18, '2019-03-04 16:37:17', '2019-03-04 16:37:17'),
	(339, 'Florencia', 19, '2019-03-04 16:37:17', '2019-03-04 16:37:17'),
	(340, 'Floresta', 15, '2019-03-04 16:37:17', '2019-03-04 16:37:17'),
	(341, 'Florida', 76, '2019-03-04 16:37:17', '2019-03-04 16:37:17'),
	(342, 'Floridablanca', 68, '2019-03-04 16:37:17', '2019-03-04 16:37:17'),
	(343, 'Florián', 68, '2019-03-04 16:37:17', '2019-03-04 16:37:17'),
	(344, 'Fonseca', 44, '2019-03-04 16:37:17', '2019-03-04 16:37:17'),
	(345, 'Fortúl', 81, '2019-03-04 16:37:17', '2019-03-04 16:37:17'),
	(346, 'Fosca', 25, '2019-03-04 16:37:17', '2019-03-04 16:37:17'),
	(347, 'Francisco Pizarro', 52, '2019-03-04 16:37:17', '2019-03-04 16:37:17'),
	(348, 'Fredonia', 5, '2019-03-04 16:37:17', '2019-03-04 16:37:17'),
	(349, 'Fresno', 73, '2019-03-04 16:37:17', '2019-03-04 16:37:17'),
	(350, 'Frontino', 5, '2019-03-04 16:37:17', '2019-03-04 16:37:17'),
	(351, 'Fuente de Oro', 50, '2019-03-04 16:37:17', '2019-03-04 16:37:17'),
	(352, 'Fundación', 47, '2019-03-04 16:37:17', '2019-03-04 16:37:17'),
	(353, 'Funes', 52, '2019-03-04 16:37:17', '2019-03-04 16:37:17'),
	(354, 'Funza', 25, '2019-03-04 16:37:17', '2019-03-04 16:37:17'),
	(355, 'Fusagasugá', 25, '2019-03-04 16:37:17', '2019-03-04 16:37:17'),
	(356, 'Fómeque', 25, '2019-03-04 16:37:17', '2019-03-04 16:37:17'),
	(357, 'Fúquene', 25, '2019-03-04 16:37:17', '2019-03-04 16:37:17'),
	(358, 'Gachalá', 25, '2019-03-04 16:37:17', '2019-03-04 16:37:17'),
	(359, 'Gachancipá', 25, '2019-03-04 16:37:17', '2019-03-04 16:37:17'),
	(360, 'Gachantivá', 15, '2019-03-04 16:37:17', '2019-03-04 16:37:17'),
	(361, 'Gachetá', 25, '2019-03-04 16:37:17', '2019-03-04 16:37:17'),
	(362, 'Galapa', 8, '2019-03-04 16:37:17', '2019-03-04 16:37:17'),
	(363, 'Galeras [Nueva Granada]', 70, '2019-03-04 16:37:17', '2019-03-04 16:37:17'),
	(364, 'Galán', 68, '2019-03-04 16:37:17', '2019-03-04 16:37:17'),
	(365, 'Gama', 25, '2019-03-04 16:37:17', '2019-03-04 16:37:17'),
	(366, 'Gamarra', 20, '2019-03-04 16:37:17', '2019-03-04 16:37:17'),
	(367, 'Garagoa', 15, '2019-03-04 16:37:17', '2019-03-04 16:37:17'),
	(368, 'Garzón', 41, '2019-03-04 16:37:17', '2019-03-04 16:37:17'),
	(369, 'Gigante', 41, '2019-03-04 16:37:17', '2019-03-04 16:37:17'),
	(370, 'Ginebra', 76, '2019-03-04 16:37:17', '2019-03-04 16:37:17'),
	(371, 'Giraldo', 5, '2019-03-04 16:37:17', '2019-03-04 16:37:17'),
	(372, 'Girardot', 25, '2019-03-04 16:37:17', '2019-03-04 16:37:17'),
	(373, 'Girardota', 5, '2019-03-04 16:37:17', '2019-03-04 16:37:17'),
	(374, 'Girón', 68, '2019-03-04 16:37:17', '2019-03-04 16:37:17'),
	(375, 'Gonzalez', 20, '2019-03-04 16:37:17', '2019-03-04 16:37:17'),
	(376, 'Gramalote', 54, '2019-03-04 16:37:17', '2019-03-04 16:37:17'),
	(377, 'Granada', 5, '2019-03-04 16:37:17', '2019-03-04 16:37:17'),
	(378, 'Granada', 25, '2019-03-04 16:37:17', '2019-03-04 16:37:17'),
	(379, 'Granada', 50, '2019-03-04 16:37:17', '2019-03-04 16:37:17'),
	(380, 'Guaca', 68, '2019-03-04 16:37:17', '2019-03-04 16:37:17'),
	(381, 'Guacamayas', 15, '2019-03-04 16:37:17', '2019-03-04 16:37:17'),
	(382, 'Guacarí', 76, '2019-03-04 16:37:17', '2019-03-04 16:37:17'),
	(383, 'Guachavés', 52, '2019-03-04 16:37:17', '2019-03-04 16:37:17'),
	(384, 'Guachené', 19, '2019-03-04 16:37:17', '2019-03-04 16:37:17'),
	(385, 'Guachetá', 25, '2019-03-04 16:37:17', '2019-03-04 16:37:17'),
	(386, 'Guachucal', 52, '2019-03-04 16:37:17', '2019-03-04 16:37:17'),
	(387, 'Guadalupe', 5, '2019-03-04 16:37:17', '2019-03-04 16:37:17'),
	(388, 'Guadalupe', 41, '2019-03-04 16:37:17', '2019-03-04 16:37:17'),
	(389, 'Guadalupe', 68, '2019-03-04 16:37:17', '2019-03-04 16:37:17'),
	(390, 'Guaduas', 25, '2019-03-04 16:37:17', '2019-03-04 16:37:17'),
	(391, 'Guaitarilla', 52, '2019-03-04 16:37:17', '2019-03-04 16:37:17'),
	(392, 'Gualmatán', 52, '2019-03-04 16:37:17', '2019-03-04 16:37:17'),
	(393, 'Guamal', 47, '2019-03-04 16:37:17', '2019-03-04 16:37:17'),
	(394, 'Guamal', 50, '2019-03-04 16:37:17', '2019-03-04 16:37:17'),
	(395, 'Guamo', 73, '2019-03-04 16:37:17', '2019-03-04 16:37:17'),
	(396, 'Guapota', 68, '2019-03-04 16:37:17', '2019-03-04 16:37:17'),
	(397, 'Guapí', 19, '2019-03-04 16:37:17', '2019-03-04 16:37:17'),
	(398, 'Guaranda', 70, '2019-03-04 16:37:17', '2019-03-04 16:37:17'),
	(399, 'Guarne', 5, '2019-03-04 16:37:17', '2019-03-04 16:37:17'),
	(400, 'Guasca', 25, '2019-03-04 16:37:17', '2019-03-04 16:37:17'),
	(401, 'Guatapé', 5, '2019-03-04 16:37:17', '2019-03-04 16:37:17'),
	(402, 'Guataquí', 25, '2019-03-04 16:37:17', '2019-03-04 16:37:17'),
	(403, 'Guatavita', 25, '2019-03-04 16:37:17', '2019-03-04 16:37:17'),
	(404, 'Guateque', 15, '2019-03-04 16:37:17', '2019-03-04 16:37:17'),
	(405, 'Guavatá', 68, '2019-03-04 16:37:17', '2019-03-04 16:37:17'),
	(406, 'Guayabal de Siquima', 25, '2019-03-04 16:37:17', '2019-03-04 16:37:17'),
	(407, 'Guayabetal', 25, '2019-03-04 16:37:17', '2019-03-04 16:37:17'),
	(408, 'Guayatá', 15, '2019-03-04 16:37:17', '2019-03-04 16:37:17'),
	(409, 'Guepsa', 68, '2019-03-04 16:37:17', '2019-03-04 16:37:17'),
	(410, 'Guicán', 15, '2019-03-04 16:37:17', '2019-03-04 16:37:17'),
	(411, 'Gutiérrez', 25, '2019-03-04 16:37:17', '2019-03-04 16:37:17'),
	(412, 'Guática', 66, '2019-03-04 16:37:17', '2019-03-04 16:37:17'),
	(413, 'Gámbita', 68, '2019-03-04 16:37:17', '2019-03-04 16:37:17'),
	(414, 'Gámeza', 15, '2019-03-04 16:37:17', '2019-03-04 16:37:17'),
	(415, 'Génova', 63, '2019-03-04 16:37:17', '2019-03-04 16:37:17'),
	(416, 'Gómez Plata', 5, '2019-03-04 16:37:17', '2019-03-04 16:37:17'),
	(417, 'Hacarí', 54, '2019-03-04 16:37:17', '2019-03-04 16:37:17'),
	(418, 'Hatillo de Loba', 13, '2019-03-04 16:37:17', '2019-03-04 16:37:17'),
	(419, 'Hato', 68, '2019-03-04 16:37:17', '2019-03-04 16:37:17'),
	(420, 'Hato Corozal', 85, '2019-03-04 16:37:17', '2019-03-04 16:37:17'),
	(421, 'Hatonuevo', 44, '2019-03-04 16:37:17', '2019-03-04 16:37:17'),
	(422, 'Heliconia', 5, '2019-03-04 16:37:17', '2019-03-04 16:37:17'),
	(423, 'Herrán', 54, '2019-03-04 16:37:17', '2019-03-04 16:37:17'),
	(424, 'Herveo', 73, '2019-03-04 16:37:17', '2019-03-04 16:37:17'),
	(425, 'Hispania', 5, '2019-03-04 16:37:17', '2019-03-04 16:37:17'),
	(426, 'Hobo', 41, '2019-03-04 16:37:17', '2019-03-04 16:37:17'),
	(427, 'Honda', 73, '2019-03-04 16:37:17', '2019-03-04 16:37:17'),
	(428, 'Ibagué', 73, '2019-03-04 16:37:17', '2019-03-04 16:37:17'),
	(429, 'Icononzo', 73, '2019-03-04 16:37:17', '2019-03-04 16:37:17'),
	(430, 'Iles', 52, '2019-03-04 16:37:17', '2019-03-04 16:37:17'),
	(431, 'Imúes', 52, '2019-03-04 16:37:17', '2019-03-04 16:37:17'),
	(432, 'Inzá', 19, '2019-03-04 16:37:17', '2019-03-04 16:37:17'),
	(433, 'Inírida', 94, '2019-03-04 16:37:17', '2019-03-04 16:37:17'),
	(434, 'Ipiales', 52, '2019-03-04 16:37:17', '2019-03-04 16:37:17'),
	(435, 'Isnos', 41, '2019-03-04 16:37:17', '2019-03-04 16:37:17'),
	(436, 'Istmina', 27, '2019-03-04 16:37:17', '2019-03-04 16:37:17'),
	(437, 'Itagüí', 5, '2019-03-04 16:37:17', '2019-03-04 16:37:17'),
	(438, 'Ituango', 5, '2019-03-04 16:37:17', '2019-03-04 16:37:17'),
	(439, 'Izá', 15, '2019-03-04 16:37:17', '2019-03-04 16:37:17'),
	(440, 'Jambaló', 19, '2019-03-04 16:37:17', '2019-03-04 16:37:17'),
	(441, 'Jamundí', 76, '2019-03-04 16:37:17', '2019-03-04 16:37:17'),
	(442, 'Jardín', 5, '2019-03-04 16:37:17', '2019-03-04 16:37:17'),
	(443, 'Jenesano', 15, '2019-03-04 16:37:17', '2019-03-04 16:37:17'),
	(444, 'Jericó', 5, '2019-03-04 16:37:17', '2019-03-04 16:37:17'),
	(445, 'Jericó', 15, '2019-03-04 16:37:17', '2019-03-04 16:37:17'),
	(446, 'Jerusalén', 25, '2019-03-04 16:37:17', '2019-03-04 16:37:17'),
	(447, 'Jesús María', 68, '2019-03-04 16:37:17', '2019-03-04 16:37:17'),
	(448, 'Jordán', 68, '2019-03-04 16:37:17', '2019-03-04 16:37:17'),
	(449, 'Juan de Acosta', 8, '2019-03-04 16:37:17', '2019-03-04 16:37:17'),
	(450, 'Junín', 25, '2019-03-04 16:37:17', '2019-03-04 16:37:17'),
	(451, 'Juradó', 27, '2019-03-04 16:37:17', '2019-03-04 16:37:17'),
	(452, 'La Apartada y La Frontera', 23, '2019-03-04 16:37:17', '2019-03-04 16:37:17'),
	(453, 'La Argentina', 41, '2019-03-04 16:37:17', '2019-03-04 16:37:17'),
	(454, 'La Belleza', 68, '2019-03-04 16:37:17', '2019-03-04 16:37:17'),
	(455, 'La Calera', 25, '2019-03-04 16:37:17', '2019-03-04 16:37:17'),
	(456, 'La Capilla', 15, '2019-03-04 16:37:17', '2019-03-04 16:37:17'),
	(457, 'La Ceja', 5, '2019-03-04 16:37:17', '2019-03-04 16:37:17'),
	(458, 'La Celia', 66, '2019-03-04 16:37:17', '2019-03-04 16:37:17'),
	(459, 'La Cruz', 52, '2019-03-04 16:37:17', '2019-03-04 16:37:17'),
	(460, 'La Cumbre', 76, '2019-03-04 16:37:17', '2019-03-04 16:37:17'),
	(461, 'La Dorada', 17, '2019-03-04 16:37:17', '2019-03-04 16:37:17'),
	(462, 'La Esperanza', 54, '2019-03-04 16:37:17', '2019-03-04 16:37:17'),
	(463, 'La Estrella', 5, '2019-03-04 16:37:17', '2019-03-04 16:37:17'),
	(464, 'La Florida', 52, '2019-03-04 16:37:17', '2019-03-04 16:37:17'),
	(465, 'La Gloria', 20, '2019-03-04 16:37:17', '2019-03-04 16:37:17'),
	(466, 'La Jagua de Ibirico', 20, '2019-03-04 16:37:17', '2019-03-04 16:37:17'),
	(467, 'La Jagua del Pilar', 44, '2019-03-04 16:37:17', '2019-03-04 16:37:17'),
	(468, 'La Llanada', 52, '2019-03-04 16:37:17', '2019-03-04 16:37:17'),
	(469, 'La Macarena', 50, '2019-03-04 16:37:17', '2019-03-04 16:37:17'),
	(470, 'La Merced', 17, '2019-03-04 16:37:17', '2019-03-04 16:37:17'),
	(471, 'La Mesa', 25, '2019-03-04 16:37:17', '2019-03-04 16:37:17'),
	(472, 'La Montañita', 18, '2019-03-04 16:37:17', '2019-03-04 16:37:17'),
	(473, 'La Palma', 25, '2019-03-04 16:37:17', '2019-03-04 16:37:17'),
	(474, 'La Paz', 68, '2019-03-04 16:37:17', '2019-03-04 16:37:17'),
	(475, 'La Paz [Robles]', 20, '2019-03-04 16:37:17', '2019-03-04 16:37:17'),
	(476, 'La Peña', 25, '2019-03-04 16:37:17', '2019-03-04 16:37:17'),
	(477, 'La Pintada', 5, '2019-03-04 16:37:17', '2019-03-04 16:37:17'),
	(478, 'La Plata', 41, '2019-03-04 16:37:17', '2019-03-04 16:37:17'),
	(479, 'La Playa', 54, '2019-03-04 16:37:17', '2019-03-04 16:37:17'),
	(480, 'La Primavera', 99, '2019-03-04 16:37:17', '2019-03-04 16:37:17'),
	(481, 'La Salina', 85, '2019-03-04 16:37:17', '2019-03-04 16:37:17'),
	(482, 'La Sierra', 19, '2019-03-04 16:37:17', '2019-03-04 16:37:17'),
	(483, 'La Tebaida', 63, '2019-03-04 16:37:17', '2019-03-04 16:37:17'),
	(484, 'La Tola', 52, '2019-03-04 16:37:17', '2019-03-04 16:37:17'),
	(485, 'La Unión', 5, '2019-03-04 16:37:17', '2019-03-04 16:37:17'),
	(486, 'La Unión', 52, '2019-03-04 16:37:17', '2019-03-04 16:37:17'),
	(487, 'La Unión', 70, '2019-03-04 16:37:17', '2019-03-04 16:37:17'),
	(488, 'La Unión', 76, '2019-03-04 16:37:17', '2019-03-04 16:37:17'),
	(489, 'La Uvita', 15, '2019-03-04 16:37:17', '2019-03-04 16:37:17'),
	(490, 'La Vega', 19, '2019-03-04 16:37:17', '2019-03-04 16:37:17'),
	(491, 'La Vega', 25, '2019-03-04 16:37:17', '2019-03-04 16:37:17'),
	(492, 'La Victoria', 15, '2019-03-04 16:37:17', '2019-03-04 16:37:17'),
	(493, 'La Victoria', 17, '2019-03-04 16:37:17', '2019-03-04 16:37:17'),
	(494, 'La Victoria', 76, '2019-03-04 16:37:17', '2019-03-04 16:37:17'),
	(495, 'La Virginia', 66, '2019-03-04 16:37:17', '2019-03-04 16:37:17'),
	(496, 'Labateca', 54, '2019-03-04 16:37:17', '2019-03-04 16:37:17'),
	(497, 'Labranzagrande', 15, '2019-03-04 16:37:17', '2019-03-04 16:37:17'),
	(498, 'Landázuri', 68, '2019-03-04 16:37:17', '2019-03-04 16:37:17'),
	(499, 'Lebrija', 68, '2019-03-04 16:37:17', '2019-03-04 16:37:17'),
	(500, 'Leiva', 52, '2019-03-04 16:37:17', '2019-03-04 16:37:17'),
	(501, 'Lejanías', 50, '2019-03-04 16:37:17', '2019-03-04 16:37:17'),
	(502, 'Lenguazaque', 25, '2019-03-04 16:37:17', '2019-03-04 16:37:17'),
	(503, 'Leticia', 91, '2019-03-04 16:37:17', '2019-03-04 16:37:17'),
	(504, 'Liborina', 5, '2019-03-04 16:37:17', '2019-03-04 16:37:17'),
	(505, 'Linares', 52, '2019-03-04 16:37:17', '2019-03-04 16:37:17'),
	(506, 'Lloró', 27, '2019-03-04 16:37:17', '2019-03-04 16:37:17'),
	(507, 'Lorica', 23, '2019-03-04 16:37:17', '2019-03-04 16:37:17'),
	(508, 'Los Córdobas', 23, '2019-03-04 16:37:17', '2019-03-04 16:37:17'),
	(509, 'Los Palmitos', 70, '2019-03-04 16:37:17', '2019-03-04 16:37:17'),
	(510, 'Los Patios', 54, '2019-03-04 16:37:17', '2019-03-04 16:37:17'),
	(511, 'Los Santos', 68, '2019-03-04 16:37:17', '2019-03-04 16:37:17'),
	(512, 'Lourdes', 54, '2019-03-04 16:37:17', '2019-03-04 16:37:17'),
	(513, 'Luruaco', 8, '2019-03-04 16:37:17', '2019-03-04 16:37:17'),
	(514, 'Lérida', 73, '2019-03-04 16:37:17', '2019-03-04 16:37:17'),
	(515, 'Líbano', 73, '2019-03-04 16:37:17', '2019-03-04 16:37:17'),
	(516, 'López [Micay]', 19, '2019-03-04 16:37:17', '2019-03-04 16:37:17'),
	(517, 'Macanal', 15, '2019-03-04 16:37:17', '2019-03-04 16:37:17'),
	(518, 'Macaravita', 68, '2019-03-04 16:37:17', '2019-03-04 16:37:17'),
	(519, 'Maceo', 5, '2019-03-04 16:37:17', '2019-03-04 16:37:17'),
	(520, 'Machetá', 25, '2019-03-04 16:37:17', '2019-03-04 16:37:17'),
	(521, 'Madrid', 25, '2019-03-04 16:37:17', '2019-03-04 16:37:17'),
	(522, 'Magangué', 13, '2019-03-04 16:37:17', '2019-03-04 16:37:17'),
	(523, 'Magüi [Payán]', 52, '2019-03-04 16:37:17', '2019-03-04 16:37:17'),
	(524, 'Mahates', 13, '2019-03-04 16:37:17', '2019-03-04 16:37:17'),
	(525, 'Maicao', 44, '2019-03-04 16:37:17', '2019-03-04 16:37:17'),
	(526, 'Majagual', 70, '2019-03-04 16:37:17', '2019-03-04 16:37:17'),
	(527, 'Malambo', 8, '2019-03-04 16:37:17', '2019-03-04 16:37:17'),
	(528, 'Mallama [Piedrancha]', 52, '2019-03-04 16:37:17', '2019-03-04 16:37:17'),
	(529, 'Manatí', 8, '2019-03-04 16:37:17', '2019-03-04 16:37:17'),
	(530, 'Manaure', 44, '2019-03-04 16:37:17', '2019-03-04 16:37:17'),
	(531, 'Manaure Balcón del Cesar', 20, '2019-03-04 16:37:17', '2019-03-04 16:37:17'),
	(532, 'Manizales', 17, '2019-03-04 16:37:17', '2019-03-04 16:37:17'),
	(533, 'Manta', 25, '2019-03-04 16:37:17', '2019-03-04 16:37:17'),
	(534, 'Manzanares', 17, '2019-03-04 16:37:17', '2019-03-04 16:37:17'),
	(535, 'Maní', 85, '2019-03-04 16:37:17', '2019-03-04 16:37:17'),
	(536, 'Mapiripan', 50, '2019-03-04 16:37:17', '2019-03-04 16:37:17'),
	(537, 'Margarita', 13, '2019-03-04 16:37:17', '2019-03-04 16:37:17'),
	(538, 'Marinilla', 5, '2019-03-04 16:37:17', '2019-03-04 16:37:17'),
	(539, 'Maripí', 15, '2019-03-04 16:37:17', '2019-03-04 16:37:17'),
	(540, 'Mariquita', 73, '2019-03-04 16:37:17', '2019-03-04 16:37:17'),
	(541, 'Marmato', 17, '2019-03-04 16:37:17', '2019-03-04 16:37:17'),
	(542, 'Marquetalia', 17, '2019-03-04 16:37:17', '2019-03-04 16:37:17'),
	(543, 'Marsella', 66, '2019-03-04 16:37:17', '2019-03-04 16:37:17'),
	(544, 'Marulanda', 17, '2019-03-04 16:37:17', '2019-03-04 16:37:17'),
	(545, 'María la Baja', 13, '2019-03-04 16:37:17', '2019-03-04 16:37:17'),
	(546, 'Matanza', 68, '2019-03-04 16:37:17', '2019-03-04 16:37:17'),
	(547, 'Medellín', 5, '2019-03-04 16:37:18', '2019-03-04 16:37:18'),
	(548, 'Medina', 25, '2019-03-04 16:37:18', '2019-03-04 16:37:18'),
	(549, 'Medio Atrato', 27, '2019-03-04 16:37:18', '2019-03-04 16:37:18'),
	(550, 'Medio Baudó', 27, '2019-03-04 16:37:18', '2019-03-04 16:37:18'),
	(551, 'Medio San Juan [ANDAGOYA]', 27, '2019-03-04 16:37:18', '2019-03-04 16:37:18'),
	(552, 'Melgar', 73, '2019-03-04 16:37:18', '2019-03-04 16:37:18'),
	(553, 'Mercaderes', 19, '2019-03-04 16:37:18', '2019-03-04 16:37:18'),
	(554, 'Mesetas', 50, '2019-03-04 16:37:18', '2019-03-04 16:37:18'),
	(555, 'Milán', 18, '2019-03-04 16:37:18', '2019-03-04 16:37:18'),
	(556, 'Miraflores', 15, '2019-03-04 16:37:18', '2019-03-04 16:37:18'),
	(557, 'Miraflores', 95, '2019-03-04 16:37:18', '2019-03-04 16:37:18'),
	(558, 'Miranda', 19, '2019-03-04 16:37:18', '2019-03-04 16:37:18'),
	(559, 'Mistrató', 66, '2019-03-04 16:37:18', '2019-03-04 16:37:18'),
	(560, 'Mitú', 97, '2019-03-04 16:37:18', '2019-03-04 16:37:18'),
	(561, 'Mocoa', 86, '2019-03-04 16:37:18', '2019-03-04 16:37:18'),
	(562, 'Mogotes', 68, '2019-03-04 16:37:18', '2019-03-04 16:37:18'),
	(563, 'Molagavita', 68, '2019-03-04 16:37:18', '2019-03-04 16:37:18'),
	(564, 'Momil', 23, '2019-03-04 16:37:18', '2019-03-04 16:37:18'),
	(565, 'Mompós', 13, '2019-03-04 16:37:18', '2019-03-04 16:37:18'),
	(566, 'Mongua', 15, '2019-03-04 16:37:18', '2019-03-04 16:37:18'),
	(567, 'Monguí', 15, '2019-03-04 16:37:18', '2019-03-04 16:37:18'),
	(568, 'Moniquirá', 15, '2019-03-04 16:37:18', '2019-03-04 16:37:18'),
	(569, 'Montebello', 5, '2019-03-04 16:37:18', '2019-03-04 16:37:18'),
	(570, 'Montecristo', 13, '2019-03-04 16:37:18', '2019-03-04 16:37:18'),
	(571, 'Montelíbano', 23, '2019-03-04 16:37:18', '2019-03-04 16:37:18'),
	(572, 'Montenegro', 63, '2019-03-04 16:37:18', '2019-03-04 16:37:18'),
	(573, 'Monteria', 23, '2019-03-04 16:37:18', '2019-03-04 16:37:18'),
	(574, 'Monterrey', 85, '2019-03-04 16:37:18', '2019-03-04 16:37:18'),
	(575, 'Morales', 13, '2019-03-04 16:37:18', '2019-03-04 16:37:18'),
	(576, 'Morales', 19, '2019-03-04 16:37:18', '2019-03-04 16:37:18'),
	(577, 'Morelia', 18, '2019-03-04 16:37:18', '2019-03-04 16:37:18'),
	(578, 'Morroa', 70, '2019-03-04 16:37:18', '2019-03-04 16:37:18'),
	(579, 'Mosquera', 25, '2019-03-04 16:37:18', '2019-03-04 16:37:18'),
	(580, 'Mosquera', 52, '2019-03-04 16:37:18', '2019-03-04 16:37:18'),
	(581, 'Motavita', 15, '2019-03-04 16:37:18', '2019-03-04 16:37:18'),
	(582, 'Moñitos', 23, '2019-03-04 16:37:18', '2019-03-04 16:37:18'),
	(583, 'Murillo', 73, '2019-03-04 16:37:18', '2019-03-04 16:37:18'),
	(584, 'Murindó', 5, '2019-03-04 16:37:18', '2019-03-04 16:37:18'),
	(585, 'Mutatá', 5, '2019-03-04 16:37:18', '2019-03-04 16:37:18'),
	(586, 'Mutiscua', 54, '2019-03-04 16:37:18', '2019-03-04 16:37:18'),
	(587, 'Muzo', 15, '2019-03-04 16:37:18', '2019-03-04 16:37:18'),
	(588, 'Málaga', 68, '2019-03-04 16:37:18', '2019-03-04 16:37:18'),
	(589, 'Nariño', 5, '2019-03-04 16:37:18', '2019-03-04 16:37:18'),
	(590, 'Nariño', 25, '2019-03-04 16:37:18', '2019-03-04 16:37:18'),
	(591, 'Nariño', 52, '2019-03-04 16:37:18', '2019-03-04 16:37:18'),
	(592, 'Natagaima', 73, '2019-03-04 16:37:18', '2019-03-04 16:37:18'),
	(593, 'Nechí', 5, '2019-03-04 16:37:18', '2019-03-04 16:37:18'),
	(594, 'Necoclí', 5, '2019-03-04 16:37:18', '2019-03-04 16:37:18'),
	(595, 'Neira', 17, '2019-03-04 16:37:18', '2019-03-04 16:37:18'),
	(596, 'Neiva', 41, '2019-03-04 16:37:18', '2019-03-04 16:37:18'),
	(597, 'Nemocón', 25, '2019-03-04 16:37:18', '2019-03-04 16:37:18'),
	(598, 'Nilo', 25, '2019-03-04 16:37:18', '2019-03-04 16:37:18'),
	(599, 'Nimaima', 25, '2019-03-04 16:37:18', '2019-03-04 16:37:18'),
	(600, 'Nobsa', 15, '2019-03-04 16:37:18', '2019-03-04 16:37:18'),
	(601, 'Nocaima', 25, '2019-03-04 16:37:18', '2019-03-04 16:37:18'),
	(602, 'Norcasia', 17, '2019-03-04 16:37:18', '2019-03-04 16:37:18'),
	(603, 'Norosí', 13, '2019-03-04 16:37:18', '2019-03-04 16:37:18'),
	(604, 'Novita', 27, '2019-03-04 16:37:18', '2019-03-04 16:37:18'),
	(605, 'Nueva Granada', 47, '2019-03-04 16:37:18', '2019-03-04 16:37:18'),
	(606, 'Nuevo Colón', 15, '2019-03-04 16:37:18', '2019-03-04 16:37:18'),
	(607, 'Nunchía', 85, '2019-03-04 16:37:18', '2019-03-04 16:37:18'),
	(608, 'Nuquí', 27, '2019-03-04 16:37:18', '2019-03-04 16:37:18'),
	(609, 'Nátaga', 41, '2019-03-04 16:37:18', '2019-03-04 16:37:18'),
	(610, 'Obando', 76, '2019-03-04 16:37:18', '2019-03-04 16:37:18'),
	(611, 'Ocamonte', 68, '2019-03-04 16:37:18', '2019-03-04 16:37:18'),
	(612, 'Ocaña', 54, '2019-03-04 16:37:18', '2019-03-04 16:37:18'),
	(613, 'Oiba', 68, '2019-03-04 16:37:18', '2019-03-04 16:37:18'),
	(614, 'Oicatá', 15, '2019-03-04 16:37:18', '2019-03-04 16:37:18'),
	(615, 'Olaya', 5, '2019-03-04 16:37:18', '2019-03-04 16:37:18'),
	(616, 'Olaya Herrera', 52, '2019-03-04 16:37:18', '2019-03-04 16:37:18'),
	(617, 'Onzaga', 68, '2019-03-04 16:37:18', '2019-03-04 16:37:18'),
	(618, 'Oporapa', 41, '2019-03-04 16:37:18', '2019-03-04 16:37:18'),
	(619, 'Orito', 86, '2019-03-04 16:37:18', '2019-03-04 16:37:18'),
	(620, 'Orocué', 85, '2019-03-04 16:37:18', '2019-03-04 16:37:18'),
	(621, 'Ortega', 73, '2019-03-04 16:37:18', '2019-03-04 16:37:18'),
	(622, 'Ospina', 52, '2019-03-04 16:37:18', '2019-03-04 16:37:18'),
	(623, 'Otanche', 15, '2019-03-04 16:37:18', '2019-03-04 16:37:18'),
	(624, 'Ovejas', 70, '2019-03-04 16:37:18', '2019-03-04 16:37:18'),
	(625, 'Pachavita', 15, '2019-03-04 16:37:18', '2019-03-04 16:37:18'),
	(626, 'Pacho', 25, '2019-03-04 16:37:18', '2019-03-04 16:37:18'),
	(627, 'Padilla', 19, '2019-03-04 16:37:18', '2019-03-04 16:37:18'),
	(628, 'Paicol', 41, '2019-03-04 16:37:18', '2019-03-04 16:37:18'),
	(629, 'Pailitas', 20, '2019-03-04 16:37:18', '2019-03-04 16:37:18'),
	(630, 'Paime', 25, '2019-03-04 16:37:18', '2019-03-04 16:37:18'),
	(631, 'Paipa', 15, '2019-03-04 16:37:18', '2019-03-04 16:37:18'),
	(632, 'Pajarito', 15, '2019-03-04 16:37:18', '2019-03-04 16:37:18'),
	(633, 'Palermo', 41, '2019-03-04 16:37:18', '2019-03-04 16:37:18'),
	(634, 'Palestina', 17, '2019-03-04 16:37:18', '2019-03-04 16:37:18'),
	(635, 'Palestina', 41, '2019-03-04 16:37:18', '2019-03-04 16:37:18'),
	(636, 'Palmar', 68, '2019-03-04 16:37:18', '2019-03-04 16:37:18'),
	(637, 'Palmar de Varela', 8, '2019-03-04 16:37:18', '2019-03-04 16:37:18'),
	(638, 'Palmas del Socorro', 68, '2019-03-04 16:37:18', '2019-03-04 16:37:18'),
	(639, 'Palmira', 76, '2019-03-04 16:37:18', '2019-03-04 16:37:18'),
	(640, 'Palmito', 70, '2019-03-04 16:37:18', '2019-03-04 16:37:18'),
	(641, 'Palocabildo', 73, '2019-03-04 16:37:18', '2019-03-04 16:37:18'),
	(642, 'Pamplona', 54, '2019-03-04 16:37:18', '2019-03-04 16:37:18'),
	(643, 'Pamplonita', 54, '2019-03-04 16:37:18', '2019-03-04 16:37:18'),
	(644, 'Pandi', 25, '2019-03-04 16:37:18', '2019-03-04 16:37:18'),
	(645, 'Panqueba', 15, '2019-03-04 16:37:18', '2019-03-04 16:37:18'),
	(646, 'Paratebueno', 25, '2019-03-04 16:37:18', '2019-03-04 16:37:18'),
	(647, 'Pasca', 25, '2019-03-04 16:37:18', '2019-03-04 16:37:18'),
	(648, 'Patía [El Bordo]', 19, '2019-03-04 16:37:18', '2019-03-04 16:37:18'),
	(649, 'Pauna', 15, '2019-03-04 16:37:18', '2019-03-04 16:37:18'),
	(650, 'Paya', 15, '2019-03-04 16:37:18', '2019-03-04 16:37:18'),
	(651, 'Paz de Ariporo', 85, '2019-03-04 16:37:18', '2019-03-04 16:37:18'),
	(652, 'Paz de Río', 15, '2019-03-04 16:37:18', '2019-03-04 16:37:18'),
	(653, 'Pedraza', 47, '2019-03-04 16:37:18', '2019-03-04 16:37:18'),
	(654, 'Pelaya', 20, '2019-03-04 16:37:18', '2019-03-04 16:37:18'),
	(655, 'Pensilvania', 17, '2019-03-04 16:37:18', '2019-03-04 16:37:18'),
	(656, 'Peque', 5, '2019-03-04 16:37:18', '2019-03-04 16:37:18'),
	(657, 'Pereira', 66, '2019-03-04 16:37:18', '2019-03-04 16:37:18'),
	(658, 'Pesca', 15, '2019-03-04 16:37:18', '2019-03-04 16:37:18'),
	(659, 'Peñol', 5, '2019-03-04 16:37:18', '2019-03-04 16:37:18'),
	(660, 'Piamonte', 19, '2019-03-04 16:37:18', '2019-03-04 16:37:18'),
	(661, 'Pie de Cuesta', 68, '2019-03-04 16:37:18', '2019-03-04 16:37:18'),
	(662, 'Piedras', 73, '2019-03-04 16:37:18', '2019-03-04 16:37:18'),
	(663, 'Piendamó', 19, '2019-03-04 16:37:18', '2019-03-04 16:37:18'),
	(664, 'Pijao', 63, '2019-03-04 16:37:18', '2019-03-04 16:37:18'),
	(665, 'Pijiño', 47, '2019-03-04 16:37:18', '2019-03-04 16:37:18'),
	(666, 'Pinchote', 68, '2019-03-04 16:37:18', '2019-03-04 16:37:18'),
	(667, 'Pinillos', 13, '2019-03-04 16:37:18', '2019-03-04 16:37:18'),
	(668, 'Piojo', 8, '2019-03-04 16:37:18', '2019-03-04 16:37:18'),
	(669, 'Pisva', 15, '2019-03-04 16:37:18', '2019-03-04 16:37:18'),
	(670, 'Pital', 41, '2019-03-04 16:37:18', '2019-03-04 16:37:18'),
	(671, 'Pitalito', 41, '2019-03-04 16:37:18', '2019-03-04 16:37:18'),
	(672, 'Pivijay', 47, '2019-03-04 16:37:18', '2019-03-04 16:37:18'),
	(673, 'Planadas', 73, '2019-03-04 16:37:18', '2019-03-04 16:37:18'),
	(674, 'Planeta Rica', 23, '2019-03-04 16:37:18', '2019-03-04 16:37:18'),
	(675, 'Plato', 47, '2019-03-04 16:37:18', '2019-03-04 16:37:18'),
	(676, 'Policarpa', 52, '2019-03-04 16:37:18', '2019-03-04 16:37:18'),
	(677, 'Polonuevo', 8, '2019-03-04 16:37:18', '2019-03-04 16:37:18'),
	(678, 'Ponedera', 8, '2019-03-04 16:37:18', '2019-03-04 16:37:18'),
	(679, 'Popayán', 19, '2019-03-04 16:37:18', '2019-03-04 16:37:18'),
	(680, 'Pore', 85, '2019-03-04 16:37:18', '2019-03-04 16:37:18'),
	(681, 'Potosí', 52, '2019-03-04 16:37:18', '2019-03-04 16:37:18'),
	(682, 'Pradera', 76, '2019-03-04 16:37:18', '2019-03-04 16:37:18'),
	(683, 'Prado', 73, '2019-03-04 16:37:18', '2019-03-04 16:37:18'),
	(684, 'Providencia', 52, '2019-03-04 16:37:18', '2019-03-04 16:37:18'),
	(685, 'Providencia', 88, '2019-03-04 16:37:18', '2019-03-04 16:37:18'),
	(686, 'Pueblo Bello', 20, '2019-03-04 16:37:18', '2019-03-04 16:37:18'),
	(687, 'Pueblo Nuevo', 23, '2019-03-04 16:37:18', '2019-03-04 16:37:18'),
	(688, 'Pueblo Rico', 66, '2019-03-04 16:37:18', '2019-03-04 16:37:18'),
	(689, 'Pueblorrico', 5, '2019-03-04 16:37:18', '2019-03-04 16:37:18'),
	(690, 'Puebloviejo', 47, '2019-03-04 16:37:18', '2019-03-04 16:37:18'),
	(691, 'Puente Nacional', 68, '2019-03-04 16:37:18', '2019-03-04 16:37:18'),
	(692, 'Puerres', 52, '2019-03-04 16:37:18', '2019-03-04 16:37:18'),
	(693, 'Puerto Asís', 86, '2019-03-04 16:37:18', '2019-03-04 16:37:18'),
	(694, 'Puerto Berrío', 5, '2019-03-04 16:37:18', '2019-03-04 16:37:18'),
	(695, 'Puerto Boyacá', 15, '2019-03-04 16:37:18', '2019-03-04 16:37:18'),
	(696, 'Puerto Caicedo', 86, '2019-03-04 16:37:18', '2019-03-04 16:37:18'),
	(697, 'Puerto Carreño', 99, '2019-03-04 16:37:18', '2019-03-04 16:37:18'),
	(698, 'Puerto Colombia', 8, '2019-03-04 16:37:18', '2019-03-04 16:37:18'),
	(699, 'Puerto Concordia', 50, '2019-03-04 16:37:18', '2019-03-04 16:37:18'),
	(700, 'Puerto Escondido', 23, '2019-03-04 16:37:18', '2019-03-04 16:37:18'),
	(701, 'Puerto Gaitán', 50, '2019-03-04 16:37:18', '2019-03-04 16:37:18'),
	(702, 'Puerto Guzmán', 86, '2019-03-04 16:37:18', '2019-03-04 16:37:18'),
	(703, 'Puerto Leguízamo', 86, '2019-03-04 16:37:18', '2019-03-04 16:37:18'),
	(704, 'Puerto Libertador', 23, '2019-03-04 16:37:18', '2019-03-04 16:37:18'),
	(705, 'Puerto Lleras', 50, '2019-03-04 16:37:18', '2019-03-04 16:37:18'),
	(706, 'Puerto López', 50, '2019-03-04 16:37:18', '2019-03-04 16:37:18'),
	(707, 'Puerto Nare', 5, '2019-03-04 16:37:18', '2019-03-04 16:37:18'),
	(708, 'Puerto Nariño', 91, '2019-03-04 16:37:18', '2019-03-04 16:37:18'),
	(709, 'Puerto Parra', 68, '2019-03-04 16:37:18', '2019-03-04 16:37:18'),
	(710, 'Puerto Rico', 18, '2019-03-04 16:37:18', '2019-03-04 16:37:18'),
	(711, 'Puerto Rico', 50, '2019-03-04 16:37:18', '2019-03-04 16:37:18'),
	(712, 'Puerto Rondón', 81, '2019-03-04 16:37:18', '2019-03-04 16:37:18'),
	(713, 'Puerto Salgar', 25, '2019-03-04 16:37:18', '2019-03-04 16:37:18'),
	(714, 'Puerto Santander', 54, '2019-03-04 16:37:18', '2019-03-04 16:37:18'),
	(715, 'Puerto Tejada', 19, '2019-03-04 16:37:18', '2019-03-04 16:37:18'),
	(716, 'Puerto Triunfo', 5, '2019-03-04 16:37:18', '2019-03-04 16:37:18'),
	(717, 'Puerto Wilches', 68, '2019-03-04 16:37:18', '2019-03-04 16:37:18'),
	(718, 'Pulí', 25, '2019-03-04 16:37:18', '2019-03-04 16:37:18'),
	(719, 'Pupiales', 52, '2019-03-04 16:37:18', '2019-03-04 16:37:18'),
	(720, 'Puracé [Coconuco]', 19, '2019-03-04 16:37:18', '2019-03-04 16:37:18'),
	(721, 'Purificación', 73, '2019-03-04 16:37:18', '2019-03-04 16:37:18'),
	(722, 'Purísima', 23, '2019-03-04 16:37:18', '2019-03-04 16:37:18'),
	(723, 'Pácora', 17, '2019-03-04 16:37:18', '2019-03-04 16:37:18'),
	(724, 'Páez', 15, '2019-03-04 16:37:18', '2019-03-04 16:37:18'),
	(725, 'Páez [Belalcazar]', 19, '2019-03-04 16:37:18', '2019-03-04 16:37:18'),
	(726, 'Páramo', 68, '2019-03-04 16:37:18', '2019-03-04 16:37:18'),
	(727, 'Quebradanegra', 25, '2019-03-04 16:37:18', '2019-03-04 16:37:18'),
	(728, 'Quetame', 25, '2019-03-04 16:37:18', '2019-03-04 16:37:18'),
	(729, 'Quibdó', 27, '2019-03-04 16:37:18', '2019-03-04 16:37:18'),
	(730, 'Quimbaya', 63, '2019-03-04 16:37:18', '2019-03-04 16:37:18'),
	(731, 'Quinchía', 66, '2019-03-04 16:37:18', '2019-03-04 16:37:18'),
	(732, 'Quipama', 15, '2019-03-04 16:37:18', '2019-03-04 16:37:18'),
	(733, 'Quipile', 25, '2019-03-04 16:37:18', '2019-03-04 16:37:18'),
	(734, 'Ragonvalia', 54, '2019-03-04 16:37:18', '2019-03-04 16:37:18'),
	(735, 'Ramiriquí', 15, '2019-03-04 16:37:18', '2019-03-04 16:37:18'),
	(736, 'Recetor', 85, '2019-03-04 16:37:18', '2019-03-04 16:37:18'),
	(737, 'Regidor', 13, '2019-03-04 16:37:18', '2019-03-04 16:37:18'),
	(738, 'Remedios', 5, '2019-03-04 16:37:18', '2019-03-04 16:37:18'),
	(739, 'Remolino', 47, '2019-03-04 16:37:18', '2019-03-04 16:37:18'),
	(740, 'Repelón', 8, '2019-03-04 16:37:18', '2019-03-04 16:37:18'),
	(741, 'Restrepo', 50, '2019-03-04 16:37:18', '2019-03-04 16:37:18'),
	(742, 'Restrepo', 76, '2019-03-04 16:37:18', '2019-03-04 16:37:18'),
	(743, 'Retiro', 5, '2019-03-04 16:37:18', '2019-03-04 16:37:18'),
	(744, 'Ricaurte', 25, '2019-03-04 16:37:18', '2019-03-04 16:37:18'),
	(745, 'Ricaurte', 52, '2019-03-04 16:37:18', '2019-03-04 16:37:18'),
	(746, 'Rio Negro', 68, '2019-03-04 16:37:18', '2019-03-04 16:37:18'),
	(747, 'Rioblanco', 73, '2019-03-04 16:37:18', '2019-03-04 16:37:18'),
	(748, 'Riofrío', 76, '2019-03-04 16:37:18', '2019-03-04 16:37:18'),
	(749, 'Riohacha', 44, '2019-03-04 16:37:18', '2019-03-04 16:37:18'),
	(750, 'Risaralda', 17, '2019-03-04 16:37:18', '2019-03-04 16:37:18'),
	(751, 'Rivera', 41, '2019-03-04 16:37:18', '2019-03-04 16:37:18'),
	(752, 'Roberto Payán [San José]', 52, '2019-03-04 16:37:18', '2019-03-04 16:37:18'),
	(753, 'Roldanillo', 76, '2019-03-04 16:37:18', '2019-03-04 16:37:18'),
	(754, 'Roncesvalles', 73, '2019-03-04 16:37:18', '2019-03-04 16:37:18'),
	(755, 'Rondón', 15, '2019-03-04 16:37:18', '2019-03-04 16:37:18'),
	(756, 'Rosas', 19, '2019-03-04 16:37:18', '2019-03-04 16:37:18'),
	(757, 'Rovira', 73, '2019-03-04 16:37:18', '2019-03-04 16:37:18'),
	(758, 'Ráquira', 15, '2019-03-04 16:37:18', '2019-03-04 16:37:18'),
	(759, 'Río Iró', 27, '2019-03-04 16:37:18', '2019-03-04 16:37:18'),
	(760, 'Río Quito', 27, '2019-03-04 16:37:18', '2019-03-04 16:37:18'),
	(761, 'Río Sucio', 17, '2019-03-04 16:37:18', '2019-03-04 16:37:18'),
	(762, 'Río Viejo', 13, '2019-03-04 16:37:18', '2019-03-04 16:37:18'),
	(763, 'Río de oro', 20, '2019-03-04 16:37:18', '2019-03-04 16:37:18'),
	(764, 'Ríonegro', 5, '2019-03-04 16:37:18', '2019-03-04 16:37:18'),
	(765, 'Ríosucio', 27, '2019-03-04 16:37:18', '2019-03-04 16:37:18'),
	(766, 'Sabana de Torres', 68, '2019-03-04 16:37:18', '2019-03-04 16:37:18'),
	(767, 'Sabanagrande', 8, '2019-03-04 16:37:18', '2019-03-04 16:37:18'),
	(768, 'Sabanalarga', 5, '2019-03-04 16:37:18', '2019-03-04 16:37:18'),
	(769, 'Sabanalarga', 8, '2019-03-04 16:37:18', '2019-03-04 16:37:18'),
	(770, 'Sabanalarga', 85, '2019-03-04 16:37:18', '2019-03-04 16:37:18'),
	(771, 'Sabanas de San Angel [SAN ANGEL]', 47, '2019-03-04 16:37:18', '2019-03-04 16:37:18'),
	(772, 'Sabaneta', 5, '2019-03-04 16:37:18', '2019-03-04 16:37:18'),
	(773, 'Saboyá', 15, '2019-03-04 16:37:18', '2019-03-04 16:37:18'),
	(774, 'Sahagún', 23, '2019-03-04 16:37:18', '2019-03-04 16:37:18'),
	(775, 'Saladoblanco', 41, '2019-03-04 16:37:18', '2019-03-04 16:37:18'),
	(776, 'Salamina', 17, '2019-03-04 16:37:18', '2019-03-04 16:37:18'),
	(777, 'Salamina', 47, '2019-03-04 16:37:18', '2019-03-04 16:37:18'),
	(778, 'Salazar', 54, '2019-03-04 16:37:18', '2019-03-04 16:37:18'),
	(779, 'Saldaña', 73, '2019-03-04 16:37:18', '2019-03-04 16:37:18'),
	(780, 'Salento', 63, '2019-03-04 16:37:18', '2019-03-04 16:37:18'),
	(781, 'Salgar', 5, '2019-03-04 16:37:18', '2019-03-04 16:37:18'),
	(782, 'Samacá', 15, '2019-03-04 16:37:18', '2019-03-04 16:37:18'),
	(783, 'Samaniego', 52, '2019-03-04 16:37:18', '2019-03-04 16:37:18'),
	(784, 'Samaná', 17, '2019-03-04 16:37:18', '2019-03-04 16:37:18'),
	(785, 'Sampués', 70, '2019-03-04 16:37:18', '2019-03-04 16:37:18'),
	(786, 'San Agustín', 41, '2019-03-04 16:37:18', '2019-03-04 16:37:18'),
	(787, 'San Alberto', 20, '2019-03-04 16:37:18', '2019-03-04 16:37:18'),
	(788, 'San Andrés', 68, '2019-03-04 16:37:18', '2019-03-04 16:37:18'),
	(789, 'San Andrés Sotavento', 23, '2019-03-04 16:37:18', '2019-03-04 16:37:18'),
	(790, 'San Andrés de Cuerquía', 5, '2019-03-04 16:37:18', '2019-03-04 16:37:18'),
	(791, 'San Antero', 23, '2019-03-04 16:37:18', '2019-03-04 16:37:18'),
	(792, 'San Antonio', 73, '2019-03-04 16:37:18', '2019-03-04 16:37:18'),
	(793, 'San Antonio de Tequendama', 25, '2019-03-04 16:37:18', '2019-03-04 16:37:18'),
	(794, 'San Benito', 68, '2019-03-04 16:37:18', '2019-03-04 16:37:18'),
	(795, 'San Benito Abad', 70, '2019-03-04 16:37:18', '2019-03-04 16:37:18'),
	(796, 'San Bernardo', 25, '2019-03-04 16:37:18', '2019-03-04 16:37:18'),
	(797, 'San Bernardo', 52, '2019-03-04 16:37:18', '2019-03-04 16:37:18'),
	(798, 'San Bernardo del Viento', 23, '2019-03-04 16:37:18', '2019-03-04 16:37:18'),
	(799, 'San Calixto', 54, '2019-03-04 16:37:18', '2019-03-04 16:37:18'),
	(800, 'San Carlos', 5, '2019-03-04 16:37:18', '2019-03-04 16:37:18'),
	(801, 'San Carlos', 23, '2019-03-04 16:37:18', '2019-03-04 16:37:18'),
	(802, 'San Carlos de Guaroa', 50, '2019-03-04 16:37:18', '2019-03-04 16:37:18'),
	(803, 'San Cayetano', 25, '2019-03-04 16:37:18', '2019-03-04 16:37:18'),
	(804, 'San Cayetano', 54, '2019-03-04 16:37:18', '2019-03-04 16:37:18'),
	(805, 'San Cristobal', 13, '2019-03-04 16:37:18', '2019-03-04 16:37:18'),
	(806, 'San Diego', 20, '2019-03-04 16:37:18', '2019-03-04 16:37:18'),
	(807, 'San Eduardo', 15, '2019-03-04 16:37:18', '2019-03-04 16:37:18'),
	(808, 'San Estanislao', 13, '2019-03-04 16:37:18', '2019-03-04 16:37:18'),
	(809, 'San Fernando', 13, '2019-03-04 16:37:18', '2019-03-04 16:37:18'),
	(810, 'San Francisco', 5, '2019-03-04 16:37:18', '2019-03-04 16:37:18'),
	(811, 'San Francisco', 25, '2019-03-04 16:37:18', '2019-03-04 16:37:18'),
	(812, 'San Francisco', 86, '2019-03-04 16:37:18', '2019-03-04 16:37:18'),
	(813, 'San Gíl', 68, '2019-03-04 16:37:18', '2019-03-04 16:37:18'),
	(814, 'San Jacinto', 13, '2019-03-04 16:37:18', '2019-03-04 16:37:18'),
	(815, 'San Jacinto del Cauca', 13, '2019-03-04 16:37:18', '2019-03-04 16:37:18'),
	(816, 'San Jerónimo', 5, '2019-03-04 16:37:18', '2019-03-04 16:37:18'),
	(817, 'San Joaquín', 68, '2019-03-04 16:37:18', '2019-03-04 16:37:18'),
	(818, 'San José', 17, '2019-03-04 16:37:18', '2019-03-04 16:37:18'),
	(819, 'San José de Miranda', 68, '2019-03-04 16:37:18', '2019-03-04 16:37:18'),
	(820, 'San José de Montaña', 5, '2019-03-04 16:37:18', '2019-03-04 16:37:18'),
	(821, 'San José de Pare', 15, '2019-03-04 16:37:18', '2019-03-04 16:37:18'),
	(822, 'San José de Uré', 23, '2019-03-04 16:37:18', '2019-03-04 16:37:18'),
	(823, 'San José del Fragua', 18, '2019-03-04 16:37:18', '2019-03-04 16:37:18'),
	(824, 'San José del Guaviare', 95, '2019-03-04 16:37:18', '2019-03-04 16:37:18'),
	(825, 'San José del Palmar', 27, '2019-03-04 16:37:18', '2019-03-04 16:37:18'),
	(826, 'San Juan de Arama', 50, '2019-03-04 16:37:18', '2019-03-04 16:37:18'),
	(827, 'San Juan de Betulia', 70, '2019-03-04 16:37:18', '2019-03-04 16:37:18'),
	(828, 'San Juan de Nepomuceno', 13, '2019-03-04 16:37:18', '2019-03-04 16:37:18'),
	(829, 'San Juan de Pasto', 52, '2019-03-04 16:37:18', '2019-03-04 16:37:18'),
	(830, 'San Juan de Río Seco', 25, '2019-03-04 16:37:18', '2019-03-04 16:37:18'),
	(831, 'San Juan de Urabá', 5, '2019-03-04 16:37:18', '2019-03-04 16:37:18'),
	(832, 'San Juan del Cesar', 44, '2019-03-04 16:37:18', '2019-03-04 16:37:18'),
	(833, 'San Juanito', 50, '2019-03-04 16:37:18', '2019-03-04 16:37:18'),
	(834, 'San Lorenzo', 52, '2019-03-04 16:37:18', '2019-03-04 16:37:18'),
	(835, 'San Luis', 73, '2019-03-04 16:37:18', '2019-03-04 16:37:18'),
	(836, 'San Luís', 5, '2019-03-04 16:37:18', '2019-03-04 16:37:18'),
	(837, 'San Luís de Gaceno', 15, '2019-03-04 16:37:18', '2019-03-04 16:37:18'),
	(838, 'San Luís de Palenque', 85, '2019-03-04 16:37:18', '2019-03-04 16:37:18'),
	(839, 'San Marcos', 70, '2019-03-04 16:37:18', '2019-03-04 16:37:18'),
	(840, 'San Martín', 20, '2019-03-04 16:37:18', '2019-03-04 16:37:18'),
	(841, 'San Martín', 50, '2019-03-04 16:37:18', '2019-03-04 16:37:18'),
	(842, 'San Martín de Loba', 13, '2019-03-04 16:37:18', '2019-03-04 16:37:18'),
	(843, 'San Mateo', 15, '2019-03-04 16:37:18', '2019-03-04 16:37:18'),
	(844, 'San Miguel', 68, '2019-03-04 16:37:18', '2019-03-04 16:37:18'),
	(845, 'San Miguel', 86, '2019-03-04 16:37:18', '2019-03-04 16:37:18'),
	(846, 'San Miguel de Sema', 15, '2019-03-04 16:37:18', '2019-03-04 16:37:18'),
	(847, 'San Onofre', 70, '2019-03-04 16:37:18', '2019-03-04 16:37:18'),
	(848, 'San Pablo', 13, '2019-03-04 16:37:18', '2019-03-04 16:37:18'),
	(849, 'San Pablo', 52, '2019-03-04 16:37:18', '2019-03-04 16:37:18'),
	(850, 'San Pablo de Borbur', 15, '2019-03-04 16:37:18', '2019-03-04 16:37:18'),
	(851, 'San Pedro', 5, '2019-03-04 16:37:18', '2019-03-04 16:37:18'),
	(852, 'San Pedro', 70, '2019-03-04 16:37:18', '2019-03-04 16:37:18'),
	(853, 'San Pedro', 76, '2019-03-04 16:37:18', '2019-03-04 16:37:18'),
	(854, 'San Pedro de Cartago', 52, '2019-03-04 16:37:18', '2019-03-04 16:37:18'),
	(855, 'San Pedro de Urabá', 5, '2019-03-04 16:37:18', '2019-03-04 16:37:18'),
	(856, 'San Pelayo', 23, '2019-03-04 16:37:18', '2019-03-04 16:37:18'),
	(857, 'San Rafael', 5, '2019-03-04 16:37:18', '2019-03-04 16:37:18'),
	(858, 'San Roque', 5, '2019-03-04 16:37:18', '2019-03-04 16:37:18'),
	(859, 'San Sebastián', 19, '2019-03-04 16:37:18', '2019-03-04 16:37:18'),
	(860, 'San Sebastián de Buenavista', 47, '2019-03-04 16:37:18', '2019-03-04 16:37:18'),
	(861, 'San Vicente', 5, '2019-03-04 16:37:18', '2019-03-04 16:37:18'),
	(862, 'San Vicente del Caguán', 18, '2019-03-04 16:37:18', '2019-03-04 16:37:18'),
	(863, 'San Vicente del Chucurí', 68, '2019-03-04 16:37:18', '2019-03-04 16:37:18'),
	(864, 'San Zenón', 47, '2019-03-04 16:37:18', '2019-03-04 16:37:18'),
	(865, 'Sandoná', 52, '2019-03-04 16:37:18', '2019-03-04 16:37:18'),
	(866, 'Santa Ana', 47, '2019-03-04 16:37:18', '2019-03-04 16:37:18'),
	(867, 'Santa Bárbara', 5, '2019-03-04 16:37:18', '2019-03-04 16:37:18'),
	(868, 'Santa Bárbara', 68, '2019-03-04 16:37:18', '2019-03-04 16:37:18'),
	(869, 'Santa Bárbara [Iscuandé]', 52, '2019-03-04 16:37:18', '2019-03-04 16:37:18'),
	(870, 'Santa Bárbara de Pinto', 47, '2019-03-04 16:37:18', '2019-03-04 16:37:18'),
	(871, 'Santa Catalina', 13, '2019-03-04 16:37:18', '2019-03-04 16:37:18'),
	(872, 'Santa Fé de Antioquia', 5, '2019-03-04 16:37:18', '2019-03-04 16:37:18'),
	(873, 'Santa Genoveva de Docorodó', 27, '2019-03-04 16:37:18', '2019-03-04 16:37:18'),
	(874, 'Santa Helena del Opón', 68, '2019-03-04 16:37:18', '2019-03-04 16:37:18'),
	(875, 'Santa Isabel', 73, '2019-03-04 16:37:18', '2019-03-04 16:37:18'),
	(876, 'Santa Lucía', 8, '2019-03-04 16:37:18', '2019-03-04 16:37:18'),
	(877, 'Santa Marta', 47, '2019-03-04 16:37:18', '2019-03-04 16:37:18'),
	(878, 'Santa María', 15, '2019-03-04 16:37:18', '2019-03-04 16:37:18'),
	(879, 'Santa María', 41, '2019-03-04 16:37:18', '2019-03-04 16:37:18'),
	(880, 'Santa Rosa', 13, '2019-03-04 16:37:18', '2019-03-04 16:37:18'),
	(881, 'Santa Rosa', 19, '2019-03-04 16:37:18', '2019-03-04 16:37:18'),
	(882, 'Santa Rosa de Cabal', 66, '2019-03-04 16:37:18', '2019-03-04 16:37:18'),
	(883, 'Santa Rosa de Osos', 5, '2019-03-04 16:37:18', '2019-03-04 16:37:18'),
	(884, 'Santa Rosa de Viterbo', 15, '2019-03-04 16:37:18', '2019-03-04 16:37:18'),
	(885, 'Santa Rosa del Sur', 13, '2019-03-04 16:37:18', '2019-03-04 16:37:18'),
	(886, 'Santa Rosalía', 99, '2019-03-04 16:37:18', '2019-03-04 16:37:18'),
	(887, 'Santa Sofía', 15, '2019-03-04 16:37:18', '2019-03-04 16:37:18'),
	(888, 'Santana', 15, '2019-03-04 16:37:18', '2019-03-04 16:37:18'),
	(889, 'Santander de Quilichao', 19, '2019-03-04 16:37:18', '2019-03-04 16:37:18'),
	(890, 'Santiago', 54, '2019-03-04 16:37:18', '2019-03-04 16:37:18'),
	(891, 'Santiago', 86, '2019-03-04 16:37:18', '2019-03-04 16:37:18'),
	(892, 'Santo Domingo', 5, '2019-03-04 16:37:18', '2019-03-04 16:37:18'),
	(893, 'Santo Tomás', 8, '2019-03-04 16:37:18', '2019-03-04 16:37:18'),
	(894, 'Santuario', 5, '2019-03-04 16:37:18', '2019-03-04 16:37:18'),
	(895, 'Santuario', 66, '2019-03-04 16:37:18', '2019-03-04 16:37:18'),
	(896, 'Sapuyes', 52, '2019-03-04 16:37:18', '2019-03-04 16:37:18'),
	(897, 'Saravena', 81, '2019-03-04 16:37:18', '2019-03-04 16:37:18'),
	(898, 'Sardinata', 54, '2019-03-04 16:37:18', '2019-03-04 16:37:18'),
	(899, 'Sasaima', 25, '2019-03-04 16:37:18', '2019-03-04 16:37:18'),
	(900, 'Sativanorte', 15, '2019-03-04 16:37:19', '2019-03-04 16:37:19'),
	(901, 'Sativasur', 15, '2019-03-04 16:37:19', '2019-03-04 16:37:19'),
	(902, 'Segovia', 5, '2019-03-04 16:37:19', '2019-03-04 16:37:19'),
	(903, 'Sesquilé', 25, '2019-03-04 16:37:19', '2019-03-04 16:37:19'),
	(904, 'Sevilla', 76, '2019-03-04 16:37:19', '2019-03-04 16:37:19'),
	(905, 'Siachoque', 15, '2019-03-04 16:37:19', '2019-03-04 16:37:19'),
	(906, 'Sibaté', 25, '2019-03-04 16:37:19', '2019-03-04 16:37:19'),
	(907, 'Sibundoy', 86, '2019-03-04 16:37:19', '2019-03-04 16:37:19'),
	(908, 'Silos', 54, '2019-03-04 16:37:19', '2019-03-04 16:37:19'),
	(909, 'Silvania', 25, '2019-03-04 16:37:19', '2019-03-04 16:37:19'),
	(910, 'Silvia', 19, '2019-03-04 16:37:19', '2019-03-04 16:37:19'),
	(911, 'Simacota', 68, '2019-03-04 16:37:19', '2019-03-04 16:37:19'),
	(912, 'Simijaca', 25, '2019-03-04 16:37:19', '2019-03-04 16:37:19'),
	(913, 'Simití', 13, '2019-03-04 16:37:19', '2019-03-04 16:37:19'),
	(914, 'Sincelejo', 70, '2019-03-04 16:37:19', '2019-03-04 16:37:19'),
	(915, 'Sincé', 70, '2019-03-04 16:37:19', '2019-03-04 16:37:19'),
	(916, 'Sipí', 27, '2019-03-04 16:37:19', '2019-03-04 16:37:19'),
	(917, 'Sitionuevo', 47, '2019-03-04 16:37:19', '2019-03-04 16:37:19'),
	(918, 'Soacha', 25, '2019-03-04 16:37:19', '2019-03-04 16:37:19'),
	(919, 'Soatá', 15, '2019-03-04 16:37:19', '2019-03-04 16:37:19'),
	(920, 'Socha', 15, '2019-03-04 16:37:19', '2019-03-04 16:37:19'),
	(921, 'Socorro', 68, '2019-03-04 16:37:19', '2019-03-04 16:37:19'),
	(922, 'Socotá', 15, '2019-03-04 16:37:19', '2019-03-04 16:37:19'),
	(923, 'Sogamoso', 15, '2019-03-04 16:37:19', '2019-03-04 16:37:19'),
	(924, 'Solano', 18, '2019-03-04 16:37:19', '2019-03-04 16:37:19'),
	(925, 'Soledad', 8, '2019-03-04 16:37:19', '2019-03-04 16:37:19'),
	(926, 'Solita', 18, '2019-03-04 16:37:19', '2019-03-04 16:37:19'),
	(927, 'Somondoco', 15, '2019-03-04 16:37:19', '2019-03-04 16:37:19'),
	(928, 'Sonsón', 5, '2019-03-04 16:37:19', '2019-03-04 16:37:19'),
	(929, 'Sopetrán', 5, '2019-03-04 16:37:19', '2019-03-04 16:37:19'),
	(930, 'Soplaviento', 13, '2019-03-04 16:37:19', '2019-03-04 16:37:19'),
	(931, 'Sopó', 25, '2019-03-04 16:37:19', '2019-03-04 16:37:19'),
	(932, 'Sora', 15, '2019-03-04 16:37:19', '2019-03-04 16:37:19'),
	(933, 'Soracá', 15, '2019-03-04 16:37:19', '2019-03-04 16:37:19'),
	(934, 'Sotaquirá', 15, '2019-03-04 16:37:19', '2019-03-04 16:37:19'),
	(935, 'Sotara [Paispamba]', 19, '2019-03-04 16:37:19', '2019-03-04 16:37:19'),
	(936, 'Sotomayor [Los Andes]', 52, '2019-03-04 16:37:19', '2019-03-04 16:37:19'),
	(937, 'Suaita', 68, '2019-03-04 16:37:19', '2019-03-04 16:37:19'),
	(938, 'Suan', 8, '2019-03-04 16:37:19', '2019-03-04 16:37:19'),
	(939, 'Suaza', 41, '2019-03-04 16:37:19', '2019-03-04 16:37:19'),
	(940, 'Subachoque', 25, '2019-03-04 16:37:19', '2019-03-04 16:37:19'),
	(941, 'Sucre', 19, '2019-03-04 16:37:19', '2019-03-04 16:37:19'),
	(942, 'Sucre', 68, '2019-03-04 16:37:19', '2019-03-04 16:37:19'),
	(943, 'Sucre', 70, '2019-03-04 16:37:19', '2019-03-04 16:37:19'),
	(944, 'Suesca', 25, '2019-03-04 16:37:19', '2019-03-04 16:37:19'),
	(945, 'Supatá', 25, '2019-03-04 16:37:19', '2019-03-04 16:37:19'),
	(946, 'Supía', 17, '2019-03-04 16:37:19', '2019-03-04 16:37:19'),
	(947, 'Suratá', 68, '2019-03-04 16:37:19', '2019-03-04 16:37:19'),
	(948, 'Susa', 25, '2019-03-04 16:37:19', '2019-03-04 16:37:19'),
	(949, 'Susacón', 15, '2019-03-04 16:37:19', '2019-03-04 16:37:19'),
	(950, 'Sutamarchán', 15, '2019-03-04 16:37:19', '2019-03-04 16:37:19'),
	(951, 'Sutatausa', 25, '2019-03-04 16:37:19', '2019-03-04 16:37:19'),
	(952, 'Sutatenza', 15, '2019-03-04 16:37:19', '2019-03-04 16:37:19'),
	(953, 'Suárez', 19, '2019-03-04 16:37:19', '2019-03-04 16:37:19'),
	(954, 'Suárez', 73, '2019-03-04 16:37:19', '2019-03-04 16:37:19'),
	(955, 'Sácama', 85, '2019-03-04 16:37:19', '2019-03-04 16:37:19'),
	(956, 'Sáchica', 15, '2019-03-04 16:37:19', '2019-03-04 16:37:19'),
	(957, 'Tabio', 25, '2019-03-04 16:37:19', '2019-03-04 16:37:19'),
	(958, 'Tadó', 27, '2019-03-04 16:37:19', '2019-03-04 16:37:19'),
	(959, 'Talaigua Nuevo', 13, '2019-03-04 16:37:19', '2019-03-04 16:37:19'),
	(960, 'Tamalameque', 20, '2019-03-04 16:37:19', '2019-03-04 16:37:19'),
	(961, 'Tame', 81, '2019-03-04 16:37:19', '2019-03-04 16:37:19'),
	(962, 'Taminango', 52, '2019-03-04 16:37:19', '2019-03-04 16:37:19'),
	(963, 'Tangua', 52, '2019-03-04 16:37:19', '2019-03-04 16:37:19'),
	(964, 'Taraira', 97, '2019-03-04 16:37:19', '2019-03-04 16:37:19'),
	(965, 'Tarazá', 5, '2019-03-04 16:37:19', '2019-03-04 16:37:19'),
	(966, 'Tarqui', 41, '2019-03-04 16:37:19', '2019-03-04 16:37:19'),
	(967, 'Tarso', 5, '2019-03-04 16:37:19', '2019-03-04 16:37:19'),
	(968, 'Tasco', 15, '2019-03-04 16:37:19', '2019-03-04 16:37:19'),
	(969, 'Tauramena', 85, '2019-03-04 16:37:19', '2019-03-04 16:37:19'),
	(970, 'Tausa', 25, '2019-03-04 16:37:19', '2019-03-04 16:37:19'),
	(971, 'Tello', 41, '2019-03-04 16:37:19', '2019-03-04 16:37:19'),
	(972, 'Tena', 25, '2019-03-04 16:37:19', '2019-03-04 16:37:19'),
	(973, 'Tenerife', 47, '2019-03-04 16:37:19', '2019-03-04 16:37:19'),
	(974, 'Tenjo', 25, '2019-03-04 16:37:19', '2019-03-04 16:37:19'),
	(975, 'Tenza', 15, '2019-03-04 16:37:19', '2019-03-04 16:37:19'),
	(976, 'Teorama', 54, '2019-03-04 16:37:19', '2019-03-04 16:37:19'),
	(977, 'Teruel', 41, '2019-03-04 16:37:19', '2019-03-04 16:37:19'),
	(978, 'Tesalia', 41, '2019-03-04 16:37:19', '2019-03-04 16:37:19'),
	(979, 'Tibacuy', 25, '2019-03-04 16:37:19', '2019-03-04 16:37:19'),
	(980, 'Tibaná', 15, '2019-03-04 16:37:19', '2019-03-04 16:37:19'),
	(981, 'Tibasosa', 15, '2019-03-04 16:37:19', '2019-03-04 16:37:19'),
	(982, 'Tibirita', 25, '2019-03-04 16:37:19', '2019-03-04 16:37:19'),
	(983, 'Tibú', 54, '2019-03-04 16:37:19', '2019-03-04 16:37:19'),
	(984, 'Tierralta', 23, '2019-03-04 16:37:19', '2019-03-04 16:37:19'),
	(985, 'Timaná', 41, '2019-03-04 16:37:19', '2019-03-04 16:37:19'),
	(986, 'Timbiquí', 19, '2019-03-04 16:37:19', '2019-03-04 16:37:19'),
	(987, 'Timbío', 19, '2019-03-04 16:37:19', '2019-03-04 16:37:19'),
	(988, 'Tinjacá', 15, '2019-03-04 16:37:19', '2019-03-04 16:37:19'),
	(989, 'Tipacoque', 15, '2019-03-04 16:37:19', '2019-03-04 16:37:19'),
	(990, 'Tiquisio [Puerto Rico]', 13, '2019-03-04 16:37:19', '2019-03-04 16:37:19'),
	(991, 'Titiribí', 5, '2019-03-04 16:37:19', '2019-03-04 16:37:19'),
	(992, 'Toca', 15, '2019-03-04 16:37:19', '2019-03-04 16:37:19'),
	(993, 'Tocaima', 25, '2019-03-04 16:37:19', '2019-03-04 16:37:19'),
	(994, 'Tocancipá', 25, '2019-03-04 16:37:19', '2019-03-04 16:37:19'),
	(995, 'Toguí', 15, '2019-03-04 16:37:19', '2019-03-04 16:37:19'),
	(996, 'Toledo', 5, '2019-03-04 16:37:19', '2019-03-04 16:37:19'),
	(997, 'Toledo', 54, '2019-03-04 16:37:19', '2019-03-04 16:37:19'),
	(998, 'Tolú', 70, '2019-03-04 16:37:19', '2019-03-04 16:37:19'),
	(999, 'Tolú Viejo', 70, '2019-03-04 16:37:19', '2019-03-04 16:37:19'),
	(1000, 'Tona', 68, '2019-03-04 16:37:19', '2019-03-04 16:37:19'),
	(1001, 'Topagá', 15, '2019-03-04 16:37:19', '2019-03-04 16:37:19'),
	(1002, 'Topaipí', 25, '2019-03-04 16:37:19', '2019-03-04 16:37:19'),
	(1003, 'Toribío', 19, '2019-03-04 16:37:19', '2019-03-04 16:37:19'),
	(1004, 'Toro', 76, '2019-03-04 16:37:19', '2019-03-04 16:37:19'),
	(1005, 'Tota', 15, '2019-03-04 16:37:19', '2019-03-04 16:37:19'),
	(1006, 'Totoró', 19, '2019-03-04 16:37:19', '2019-03-04 16:37:19'),
	(1007, 'Trinidad', 85, '2019-03-04 16:37:19', '2019-03-04 16:37:19'),
	(1008, 'Trujillo', 76, '2019-03-04 16:37:19', '2019-03-04 16:37:19'),
	(1009, 'Tubará', 8, '2019-03-04 16:37:19', '2019-03-04 16:37:19'),
	(1010, 'Tuchín', 23, '2019-03-04 16:37:19', '2019-03-04 16:37:19'),
	(1011, 'Tulúa', 76, '2019-03-04 16:37:19', '2019-03-04 16:37:19'),
	(1012, 'Tumaco', 52, '2019-03-04 16:37:19', '2019-03-04 16:37:19'),
	(1013, 'Tunja', 15, '2019-03-04 16:37:19', '2019-03-04 16:37:19'),
	(1014, 'Tunungua', 15, '2019-03-04 16:37:19', '2019-03-04 16:37:19'),
	(1015, 'Turbaco', 13, '2019-03-04 16:37:19', '2019-03-04 16:37:19'),
	(1016, 'Turbaná', 13, '2019-03-04 16:37:19', '2019-03-04 16:37:19'),
	(1017, 'Turbo', 5, '2019-03-04 16:37:19', '2019-03-04 16:37:19'),
	(1018, 'Turmequé', 15, '2019-03-04 16:37:19', '2019-03-04 16:37:19'),
	(1019, 'Tuta', 15, '2019-03-04 16:37:19', '2019-03-04 16:37:19'),
	(1020, 'Tutasá', 15, '2019-03-04 16:37:19', '2019-03-04 16:37:19'),
	(1021, 'Támara', 85, '2019-03-04 16:37:19', '2019-03-04 16:37:19'),
	(1022, 'Támesis', 5, '2019-03-04 16:37:19', '2019-03-04 16:37:19'),
	(1023, 'Túquerres', 52, '2019-03-04 16:37:19', '2019-03-04 16:37:19'),
	(1024, 'Ubalá', 25, '2019-03-04 16:37:19', '2019-03-04 16:37:19'),
	(1025, 'Ubaque', 25, '2019-03-04 16:37:19', '2019-03-04 16:37:19'),
	(1026, 'Ubaté', 25, '2019-03-04 16:37:19', '2019-03-04 16:37:19'),
	(1027, 'Ulloa', 76, '2019-03-04 16:37:19', '2019-03-04 16:37:19'),
	(1028, 'Une', 25, '2019-03-04 16:37:19', '2019-03-04 16:37:19'),
	(1029, 'Unguía', 27, '2019-03-04 16:37:19', '2019-03-04 16:37:19'),
	(1030, 'Unión Panamericana [ÁNIMAS]', 27, '2019-03-04 16:37:19', '2019-03-04 16:37:19'),
	(1031, 'Uramita', 5, '2019-03-04 16:37:19', '2019-03-04 16:37:19'),
	(1032, 'Uribe', 50, '2019-03-04 16:37:19', '2019-03-04 16:37:19'),
	(1033, 'Uribia', 44, '2019-03-04 16:37:19', '2019-03-04 16:37:19'),
	(1034, 'Urrao', 5, '2019-03-04 16:37:19', '2019-03-04 16:37:19'),
	(1035, 'Urumita', 44, '2019-03-04 16:37:19', '2019-03-04 16:37:19'),
	(1036, 'Usiacuri', 8, '2019-03-04 16:37:19', '2019-03-04 16:37:19'),
	(1037, 'Valdivia', 5, '2019-03-04 16:37:19', '2019-03-04 16:37:19'),
	(1038, 'Valencia', 23, '2019-03-04 16:37:19', '2019-03-04 16:37:19'),
	(1039, 'Valle de San José', 68, '2019-03-04 16:37:19', '2019-03-04 16:37:19'),
	(1040, 'Valle de San Juan', 73, '2019-03-04 16:37:19', '2019-03-04 16:37:19'),
	(1041, 'Valle del Guamuez', 86, '2019-03-04 16:37:19', '2019-03-04 16:37:19'),
	(1042, 'Valledupar', 20, '2019-03-04 16:37:19', '2019-03-04 16:37:19'),
	(1043, 'Valparaiso', 5, '2019-03-04 16:37:19', '2019-03-04 16:37:19'),
	(1044, 'Valparaiso', 18, '2019-03-04 16:37:19', '2019-03-04 16:37:19'),
	(1045, 'Vegachí', 5, '2019-03-04 16:37:19', '2019-03-04 16:37:19'),
	(1046, 'Venadillo', 73, '2019-03-04 16:37:19', '2019-03-04 16:37:19'),
	(1047, 'Venecia', 5, '2019-03-04 16:37:19', '2019-03-04 16:37:19'),
	(1048, 'Venecia [Ospina Pérez]', 25, '2019-03-04 16:37:19', '2019-03-04 16:37:19'),
	(1049, 'Ventaquemada', 15, '2019-03-04 16:37:19', '2019-03-04 16:37:19'),
	(1050, 'Vergara', 25, '2019-03-04 16:37:19', '2019-03-04 16:37:19'),
	(1051, 'Versalles', 76, '2019-03-04 16:37:19', '2019-03-04 16:37:19'),
	(1052, 'Vetas', 68, '2019-03-04 16:37:19', '2019-03-04 16:37:19'),
	(1053, 'Viani', 25, '2019-03-04 16:37:19', '2019-03-04 16:37:19'),
	(1054, 'Vigía del Fuerte', 5, '2019-03-04 16:37:19', '2019-03-04 16:37:19'),
	(1055, 'Vijes', 76, '2019-03-04 16:37:19', '2019-03-04 16:37:19'),
	(1056, 'Villa Caro', 54, '2019-03-04 16:37:19', '2019-03-04 16:37:19'),
	(1057, 'Villa Rica', 19, '2019-03-04 16:37:19', '2019-03-04 16:37:19'),
	(1058, 'Villa de Leiva', 15, '2019-03-04 16:37:19', '2019-03-04 16:37:19'),
	(1059, 'Villa del Rosario', 54, '2019-03-04 16:37:19', '2019-03-04 16:37:19'),
	(1060, 'Villagarzón', 86, '2019-03-04 16:37:19', '2019-03-04 16:37:19'),
	(1061, 'Villagómez', 25, '2019-03-04 16:37:19', '2019-03-04 16:37:19'),
	(1062, 'Villahermosa', 73, '2019-03-04 16:37:19', '2019-03-04 16:37:19'),
	(1063, 'Villamaría', 17, '2019-03-04 16:37:19', '2019-03-04 16:37:19'),
	(1064, 'Villanueva', 13, '2019-03-04 16:37:19', '2019-03-04 16:37:19'),
	(1065, 'Villanueva', 44, '2019-03-04 16:37:19', '2019-03-04 16:37:19'),
	(1066, 'Villanueva', 68, '2019-03-04 16:37:19', '2019-03-04 16:37:19'),
	(1067, 'Villanueva', 85, '2019-03-04 16:37:19', '2019-03-04 16:37:19'),
	(1068, 'Villapinzón', 25, '2019-03-04 16:37:19', '2019-03-04 16:37:19'),
	(1069, 'Villarrica', 73, '2019-03-04 16:37:19', '2019-03-04 16:37:19'),
	(1070, 'Villavicencio', 50, '2019-03-04 16:37:19', '2019-03-04 16:37:19'),
	(1071, 'Villavieja', 41, '2019-03-04 16:37:19', '2019-03-04 16:37:19'),
	(1072, 'Villeta', 25, '2019-03-04 16:37:19', '2019-03-04 16:37:19'),
	(1073, 'Viotá', 25, '2019-03-04 16:37:19', '2019-03-04 16:37:19'),
	(1074, 'Viracachá', 15, '2019-03-04 16:37:19', '2019-03-04 16:37:19'),
	(1075, 'Vista Hermosa', 50, '2019-03-04 16:37:19', '2019-03-04 16:37:19'),
	(1076, 'Viterbo', 17, '2019-03-04 16:37:19', '2019-03-04 16:37:19'),
	(1077, 'Vélez', 68, '2019-03-04 16:37:19', '2019-03-04 16:37:19'),
	(1078, 'Yacopí', 25, '2019-03-04 16:37:19', '2019-03-04 16:37:19'),
	(1079, 'Yacuanquer', 52, '2019-03-04 16:37:19', '2019-03-04 16:37:19'),
	(1080, 'Yaguará', 41, '2019-03-04 16:37:19', '2019-03-04 16:37:19'),
	(1081, 'Yalí', 5, '2019-03-04 16:37:19', '2019-03-04 16:37:19'),
	(1082, 'Yarumal', 5, '2019-03-04 16:37:19', '2019-03-04 16:37:19'),
	(1083, 'Yolombó', 5, '2019-03-04 16:37:19', '2019-03-04 16:37:19'),
	(1084, 'Yondó [Casabe]', 5, '2019-03-04 16:37:19', '2019-03-04 16:37:19'),
	(1085, 'Yopal', 85, '2019-03-04 16:37:19', '2019-03-04 16:37:19'),
	(1086, 'Yotoco', 76, '2019-03-04 16:37:19', '2019-03-04 16:37:19'),
	(1087, 'Yumbo', 76, '2019-03-04 16:37:19', '2019-03-04 16:37:19'),
	(1088, 'Zambrano', 13, '2019-03-04 16:37:19', '2019-03-04 16:37:19'),
	(1089, 'Zapatoca', 68, '2019-03-04 16:37:19', '2019-03-04 16:37:19'),
	(1090, 'Zapayán [PUNTA DE PIEDRAS]', 47, '2019-03-04 16:37:19', '2019-03-04 16:37:19'),
	(1091, 'Zaragoza', 5, '2019-03-04 16:37:19', '2019-03-04 16:37:19'),
	(1092, 'Zarzal', 76, '2019-03-04 16:37:19', '2019-03-04 16:37:19'),
	(1093, 'Zetaquirá', 15, '2019-03-04 16:37:19', '2019-03-04 16:37:19'),
	(1094, 'Zipacón', 25, '2019-03-04 16:37:19', '2019-03-04 16:37:19'),
	(1095, 'Zipaquirá', 25, '2019-03-04 16:37:19', '2019-03-04 16:37:19'),
	(1096, 'Zona Bananera [PRADO - SEVILLA]', 47, '2019-03-04 16:37:19', '2019-03-04 16:37:19'),
	(1097, 'Ábrego', 54, '2019-03-04 16:37:19', '2019-03-04 16:37:19'),
	(1098, 'Íquira', 41, '2019-03-04 16:37:19', '2019-03-04 16:37:19'),
	(1099, 'Úmbita', 15, '2019-03-04 16:37:19', '2019-03-04 16:37:19'),
	(1100, 'Útica', 25, '2019-03-04 16:37:19', '2019-03-04 16:37:19');
/*!40000 ALTER TABLE `cities` ENABLE KEYS */;

-- Volcando estructura para tabla cupon_store.companies
DROP TABLE IF EXISTS `companies`;
CREATE TABLE IF NOT EXISTS `companies` (
  `id` int(10) unsigned NOT NULL AUTO_INCREMENT,
  `name` varchar(191) COLLATE utf8mb4_unicode_ci NOT NULL,
  `nit` int(10) unsigned NOT NULL,
  `image` text COLLATE utf8mb4_unicode_ci NOT NULL,
  `image_s` text COLLATE utf8mb4_unicode_ci NOT NULL,
  `person_id` int(10) unsigned NOT NULL,
  `created_at` timestamp NULL DEFAULT NULL,
  `updated_at` timestamp NULL DEFAULT NULL,
  PRIMARY KEY (`id`),
  UNIQUE KEY `companies_name_unique` (`name`),
  UNIQUE KEY `companies_nit_unique` (`nit`),
  KEY `companies_person_id_foreign` (`person_id`),
  CONSTRAINT `companies_person_id_foreign` FOREIGN KEY (`person_id`) REFERENCES `persons` (`id`)
) ENGINE=InnoDB AUTO_INCREMENT=15 DEFAULT CHARSET=utf8mb4 COLLATE=utf8mb4_unicode_ci;

-- Volcando datos para la tabla cupon_store.companies: ~4 rows (aproximadamente)
DELETE FROM `companies`;
/*!40000 ALTER TABLE `companies` DISABLE KEYS */;
INSERT INTO `companies` (`id`, `name`, `nit`, `image`, `image_s`, `person_id`, `created_at`, `updated_at`) VALUES
	(1, 'Empresa 1', 1233, 'img/android-icon-144x144.png', 'img/android-icon-144x144.png', 1, '2019-03-04 16:37:19', '2019-03-04 16:37:19'),
	(11, 'Empresa 3', 12345, '/images/empresas/9JOWmJeTvQPw0Jp6nZZiOWN3wnUJRYLUmWR9Kllk.jpeg', 'https://cuponstore.dev/images/empresas/9JOWmJeTvQPw0Jp6nZZiOWN3wnUJRYLUmWR9Kllk.jpeg', 4, '2019-03-05 19:27:04', '2019-03-05 19:27:04'),
	(13, 'Empresa 6', 987654, '/images/empresas/f3TRgHjaCJEm8WqzegxsBn66GV77FvKXJhne6KCQ.jpeg', 'https://cuponstore.dev/images/empresas/f3TRgHjaCJEm8WqzegxsBn66GV77FvKXJhne6KCQ.jpeg', 4, '2019-03-06 09:18:39', '2019-03-06 09:18:39'),
	(14, 'IKEA', 1234, 'images/empresas/Adtv4qqA3pt11EWl7ozJh2RoKoVZ99Box9pLNNPb.png', 'http://76b55ba3.ngrok.io/images/empresas/Adtv4qqA3pt11EWl7ozJh2RoKoVZ99Box9pLNNPb.png', 10, '2019-03-06 17:03:29', '2019-03-06 17:03:29');
/*!40000 ALTER TABLE `companies` ENABLE KEYS */;

-- Volcando estructura para tabla cupon_store.coupons
DROP TABLE IF EXISTS `coupons`;
CREATE TABLE IF NOT EXISTS `coupons` (
  `id` int(10) unsigned NOT NULL AUTO_INCREMENT,
  `stock` smallint(5) unsigned NOT NULL,
  `discount` smallint(5) unsigned NOT NULL,
  `expiration` datetime NOT NULL,
  `state` tinyint(1) NOT NULL DEFAULT '1',
  `price` decimal(10,2) unsigned NOT NULL,
  `base_price` decimal(10,2) unsigned NOT NULL,
  `product_id` int(10) unsigned NOT NULL,
  `company_id` int(10) unsigned NOT NULL,
  `created_at` timestamp NULL DEFAULT NULL,
  `updated_at` timestamp NULL DEFAULT NULL,
  PRIMARY KEY (`id`),
  KEY `coupons_product_id_foreign` (`product_id`),
  KEY `coupons_company_id_foreign` (`company_id`),
  CONSTRAINT `coupons_company_id_foreign` FOREIGN KEY (`company_id`) REFERENCES `companies` (`id`),
  CONSTRAINT `coupons_product_id_foreign` FOREIGN KEY (`product_id`) REFERENCES `products` (`id`)
) ENGINE=InnoDB AUTO_INCREMENT=9 DEFAULT CHARSET=utf8mb4 COLLATE=utf8mb4_unicode_ci;

-- Volcando datos para la tabla cupon_store.coupons: ~8 rows (aproximadamente)
DELETE FROM `coupons`;
/*!40000 ALTER TABLE `coupons` DISABLE KEYS */;
INSERT INTO `coupons` (`id`, `stock`, `discount`, `expiration`, `state`, `price`, `base_price`, `product_id`, `company_id`, `created_at`, `updated_at`) VALUES
	(1, 30, 2, '2019-04-01 00:00:00', 1, 20000.00, 19000.00, 3, 1, '2019-03-06 15:05:02', '2019-03-06 15:05:02'),
	(2, 2, 15, '2019-03-09 00:00:00', 1, 20000.00, 15000.00, 5, 1, '2019-03-06 16:55:20', '2019-03-06 16:55:20'),
	(3, 2, 15, '2019-03-15 00:00:00', 1, 20000.00, 15000.00, 5, 1, '2019-03-06 16:57:10', '2019-03-06 16:57:10'),
	(4, 10, 10, '2019-03-13 00:00:00', 1, 20000.00, 15000.00, 5, 11, '2019-03-06 16:59:30', '2019-03-06 16:59:30'),
	(5, 2, 15, '2019-03-15 00:00:00', 1, 20000.00, 15000.00, 5, 1, '2019-03-06 17:02:40', '2019-03-06 17:02:40'),
	(6, 20, 10, '2019-03-13 00:00:00', 1, 30000.00, 20000.00, 8, 14, '2019-03-06 17:05:16', '2019-03-06 17:05:16'),
	(7, 100, 9, '2019-03-28 00:00:00', 1, 15000.00, 10000.00, 1, 14, '2019-03-06 17:46:32', '2019-03-06 17:46:32'),
	(8, 10, 20, '2019-03-15 00:00:00', 1, 50000.00, 35000.00, 8, 14, '2019-03-08 10:10:54', '2019-03-08 10:10:54');
/*!40000 ALTER TABLE `coupons` ENABLE KEYS */;

-- Volcando estructura para tabla cupon_store.departments
DROP TABLE IF EXISTS `departments`;
CREATE TABLE IF NOT EXISTS `departments` (
  `id` int(10) unsigned NOT NULL AUTO_INCREMENT,
  `name` varchar(191) COLLATE utf8mb4_unicode_ci NOT NULL,
  `created_at` timestamp NULL DEFAULT NULL,
  `updated_at` timestamp NULL DEFAULT NULL,
  PRIMARY KEY (`id`),
  UNIQUE KEY `departments_name_unique` (`name`)
) ENGINE=InnoDB AUTO_INCREMENT=100 DEFAULT CHARSET=utf8mb4 COLLATE=utf8mb4_unicode_ci;

-- Volcando datos para la tabla cupon_store.departments: ~33 rows (aproximadamente)
DELETE FROM `departments`;
/*!40000 ALTER TABLE `departments` DISABLE KEYS */;
INSERT INTO `departments` (`id`, `name`, `created_at`, `updated_at`) VALUES
	(5, 'ANTIOQUIA', '2019-03-04 16:37:16', '2019-03-04 16:37:16'),
	(8, 'ATLÁNTICO', '2019-03-04 16:37:16', '2019-03-04 16:37:16'),
	(11, 'BOGOTÁ, D.C.', '2019-03-04 16:37:16', '2019-03-04 16:37:16'),
	(13, 'BOLÍVAR', '2019-03-04 16:37:16', '2019-03-04 16:37:16'),
	(15, 'BOYACÁ', '2019-03-04 16:37:16', '2019-03-04 16:37:16'),
	(17, 'CALDAS', '2019-03-04 16:37:16', '2019-03-04 16:37:16'),
	(18, 'CAQUETÁ', '2019-03-04 16:37:16', '2019-03-04 16:37:16'),
	(19, 'CAUCA', '2019-03-04 16:37:16', '2019-03-04 16:37:16'),
	(20, 'CESAR', '2019-03-04 16:37:16', '2019-03-04 16:37:16'),
	(23, 'CÓRDOBA', '2019-03-04 16:37:16', '2019-03-04 16:37:16'),
	(25, 'CUNDINAMARCA', '2019-03-04 16:37:16', '2019-03-04 16:37:16'),
	(27, 'CHOCÓ', '2019-03-04 16:37:16', '2019-03-04 16:37:16'),
	(41, 'HUILA', '2019-03-04 16:37:16', '2019-03-04 16:37:16'),
	(44, 'LA GUAJIRA', '2019-03-04 16:37:16', '2019-03-04 16:37:16'),
	(47, 'MAGDALENA', '2019-03-04 16:37:16', '2019-03-04 16:37:16'),
	(50, 'META', '2019-03-04 16:37:16', '2019-03-04 16:37:16'),
	(52, 'NARIÑO', '2019-03-04 16:37:16', '2019-03-04 16:37:16'),
	(54, 'NORTE DE SANTANDER', '2019-03-04 16:37:16', '2019-03-04 16:37:16'),
	(63, 'QUINDIO', '2019-03-04 16:37:16', '2019-03-04 16:37:16'),
	(66, 'RISARALDA', '2019-03-04 16:37:16', '2019-03-04 16:37:16'),
	(68, 'SANTANDER', '2019-03-04 16:37:16', '2019-03-04 16:37:16'),
	(70, 'SUCRE', '2019-03-04 16:37:16', '2019-03-04 16:37:16'),
	(73, 'TOLIMA', '2019-03-04 16:37:16', '2019-03-04 16:37:16'),
	(76, 'VALLE DEL CAUCA', '2019-03-04 16:37:16', '2019-03-04 16:37:16'),
	(81, 'ARAUCA', '2019-03-04 16:37:16', '2019-03-04 16:37:16'),
	(85, 'CASANARE', '2019-03-04 16:37:16', '2019-03-04 16:37:16'),
	(86, 'PUTUMAYO', '2019-03-04 16:37:16', '2019-03-04 16:37:16'),
	(88, 'ARCHIPIÉLAGO DE SAN ANDRÉS, PROVIDENCIA Y SANTA CATALINA', '2019-03-04 16:37:16', '2019-03-04 16:37:16'),
	(91, 'AMAZONAS', '2019-03-04 16:37:16', '2019-03-04 16:37:16'),
	(94, 'GUAINÍA', '2019-03-04 16:37:16', '2019-03-04 16:37:16'),
	(95, 'GUAVIARE', '2019-03-04 16:37:16', '2019-03-04 16:37:16'),
	(97, 'VAUPÉS', '2019-03-04 16:37:16', '2019-03-04 16:37:16'),
	(99, 'VICHADA', '2019-03-04 16:37:16', '2019-03-04 16:37:16');
/*!40000 ALTER TABLE `departments` ENABLE KEYS */;

-- Volcando estructura para tabla cupon_store.migrations
DROP TABLE IF EXISTS `migrations`;
CREATE TABLE IF NOT EXISTS `migrations` (
  `id` int(10) unsigned NOT NULL AUTO_INCREMENT,
  `migration` varchar(255) COLLATE utf8mb4_unicode_ci NOT NULL,
  `batch` int(11) NOT NULL,
  PRIMARY KEY (`id`)
) ENGINE=InnoDB AUTO_INCREMENT=241 DEFAULT CHARSET=utf8mb4 COLLATE=utf8mb4_unicode_ci;

-- Volcando datos para la tabla cupon_store.migrations: ~16 rows (aproximadamente)
DELETE FROM `migrations`;
/*!40000 ALTER TABLE `migrations` DISABLE KEYS */;
INSERT INTO `migrations` (`id`, `migration`, `batch`) VALUES
	(225, '2014_10_12_100000_create_password_resets_table', 1),
	(226, '2019_02_22_163629_create_roles_table', 1),
	(227, '2019_02_22_164037_create_persons_table', 1),
	(228, '2019_02_22_164050_create_users_table', 1),
	(229, '2019_02_22_164351_create_departments_table', 1),
	(230, '2019_02_22_164352_create_cities_table', 1),
	(231, '2019_02_22_164436_create_payment_methods_table', 1),
	(232, '2019_02_22_164524_create_categories_table', 1),
	(233, '2019_02_22_164555_create_brands_table', 1),
	(234, '2019_02_22_224308_create_products_table', 1),
	(235, '2019_02_22_225010_create_companies_table', 1),
	(236, '2019_02_22_232859_create_branches_table', 1),
	(237, '2019_02_22_233624_create_coupons_table', 1),
	(238, '2019_02_23_001559_create_branches_products_table', 1),
	(239, '2019_02_23_002216_create_purchases_table', 1),
	(240, '2019_02_23_004634_create_carts_table', 1);
/*!40000 ALTER TABLE `migrations` ENABLE KEYS */;

-- Volcando estructura para tabla cupon_store.password_resets
DROP TABLE IF EXISTS `password_resets`;
CREATE TABLE IF NOT EXISTS `password_resets` (
  `email` varchar(191) COLLATE utf8mb4_unicode_ci NOT NULL,
  `token` varchar(191) COLLATE utf8mb4_unicode_ci NOT NULL,
  `created_at` timestamp NULL DEFAULT NULL,
  KEY `password_resets_email_index` (`email`)
) ENGINE=InnoDB DEFAULT CHARSET=utf8mb4 COLLATE=utf8mb4_unicode_ci;

-- Volcando datos para la tabla cupon_store.password_resets: ~0 rows (aproximadamente)
DELETE FROM `password_resets`;
/*!40000 ALTER TABLE `password_resets` DISABLE KEYS */;
/*!40000 ALTER TABLE `password_resets` ENABLE KEYS */;

-- Volcando estructura para tabla cupon_store.payment_methods
DROP TABLE IF EXISTS `payment_methods`;
CREATE TABLE IF NOT EXISTS `payment_methods` (
  `id` int(10) unsigned NOT NULL AUTO_INCREMENT,
  `name` varchar(191) COLLATE utf8mb4_unicode_ci NOT NULL,
  `created_at` timestamp NULL DEFAULT NULL,
  `updated_at` timestamp NULL DEFAULT NULL,
  PRIMARY KEY (`id`),
  UNIQUE KEY `payment_methods_name_unique` (`name`)
) ENGINE=InnoDB AUTO_INCREMENT=7 DEFAULT CHARSET=utf8mb4 COLLATE=utf8mb4_unicode_ci;

-- Volcando datos para la tabla cupon_store.payment_methods: ~6 rows (aproximadamente)
DELETE FROM `payment_methods`;
/*!40000 ALTER TABLE `payment_methods` DISABLE KEYS */;
INSERT INTO `payment_methods` (`id`, `name`, `created_at`, `updated_at`) VALUES
	(1, 'Transferencia Electrónico de fondos', '2019-03-04 16:37:19', '2019-03-04 16:37:19'),
	(2, 'Tarjeta de crédito', '2019-03-04 16:37:19', '2019-03-04 16:37:19'),
	(3, 'Monedero electrónico', '2019-03-04 16:37:19', '2019-03-04 16:37:19'),
	(4, 'Tarjeta de débito', '2019-03-04 16:37:19', '2019-03-04 16:37:19'),
	(5, 'Paypal', '2019-03-04 16:37:19', '2019-03-04 16:37:19'),
	(6, 'Efecty', '2019-03-04 16:37:19', '2019-03-04 16:37:19');
/*!40000 ALTER TABLE `payment_methods` ENABLE KEYS */;

-- Volcando estructura para tabla cupon_store.persons
DROP TABLE IF EXISTS `persons`;
CREATE TABLE IF NOT EXISTS `persons` (
  `id` int(10) unsigned NOT NULL AUTO_INCREMENT,
  `first_name` varchar(191) COLLATE utf8mb4_unicode_ci NOT NULL,
  `last_name` varchar(191) COLLATE utf8mb4_unicode_ci NOT NULL,
  `shipping_email` varchar(191) COLLATE utf8mb4_unicode_ci NOT NULL,
  `role_id` int(10) unsigned NOT NULL,
  `created_at` timestamp NULL DEFAULT NULL,
  `updated_at` timestamp NULL DEFAULT NULL,
  PRIMARY KEY (`id`),
  UNIQUE KEY `persons_shipping_email_unique` (`shipping_email`),
  KEY `persons_role_id_foreign` (`role_id`),
  CONSTRAINT `persons_role_id_foreign` FOREIGN KEY (`role_id`) REFERENCES `roles` (`id`)
) ENGINE=InnoDB AUTO_INCREMENT=13 DEFAULT CHARSET=utf8mb4 COLLATE=utf8mb4_unicode_ci;

-- Volcando datos para la tabla cupon_store.persons: ~12 rows (aproximadamente)
DELETE FROM `persons`;
/*!40000 ALTER TABLE `persons` DISABLE KEYS */;
INSERT INTO `persons` (`id`, `first_name`, `last_name`, `shipping_email`, `role_id`, `created_at`, `updated_at`) VALUES
	(1, 'Carlos', 'Chapid', 'admin@cuponstore.com', 1, '2019-03-04 16:37:19', '2019-03-04 16:37:19'),
	(2, 'Carlos Andres', 'Chapid Inga', 'publicista@cuponstore.com', 3, '2019-03-05 01:58:15', '2019-03-05 01:58:15'),
	(3, 'aaaaaaaaaaaaa', 'aaaaaaaaaa', 'empresario@gmail.com', 2, '2019-03-05 02:52:08', '2019-03-05 02:52:08'),
	(4, 'Empresario', 'Exito', 'empresarioE@gmail.com', 2, '2019-03-05 13:54:39', '2019-03-05 13:54:39'),
	(5, 'Jhon', 'Lopez', 'empresario2@gmail.com', 2, '2019-03-05 23:40:53', '2019-03-05 23:40:53'),
	(6, 'Carlos Andres', 'Chapid Inga', 'checker@gmail.com2', 6, '2019-03-05 23:42:15', '2019-03-05 23:42:15'),
	(7, 'Carlos Andres', 'Chapid Inga', 'cliente@gmail.com', 4, '2019-03-05 23:42:42', '2019-03-05 23:42:42'),
	(8, 'Luisa', 'Gomez', 'luisa@cuponstore.com', 4, '2019-03-06 11:14:02', '2019-03-06 11:14:02'),
	(9, 'Karen', 'Guancha', 'karenliliguancha@unicauca.edu.co', 4, '2019-03-06 16:30:35', '2019-03-06 16:30:35'),
	(10, 'Juanito', 'Alcachofa', 'juan@miempresa.com', 2, '2019-03-06 16:55:33', '2019-03-06 16:55:33'),
	(11, 'Hendrys', 'Tobar', 'fabian@unicauca.edu.co', 4, '2019-03-06 17:43:46', '2019-03-06 17:43:46'),
	(12, 'Juan', 'Valencia', 'juan@gmail.com', 4, '2019-03-08 10:03:15', '2019-03-08 10:03:15');
/*!40000 ALTER TABLE `persons` ENABLE KEYS */;

-- Volcando estructura para tabla cupon_store.products
DROP TABLE IF EXISTS `products`;
CREATE TABLE IF NOT EXISTS `products` (
  `id` int(10) unsigned NOT NULL AUTO_INCREMENT,
  `name` varchar(191) COLLATE utf8mb4_unicode_ci NOT NULL,
  `description` text COLLATE utf8mb4_unicode_ci,
  `image` varchar(191) COLLATE utf8mb4_unicode_ci NOT NULL,
  `image_m` varchar(191) COLLATE utf8mb4_unicode_ci DEFAULT NULL,
  `image_s` varchar(191) COLLATE utf8mb4_unicode_ci DEFAULT NULL,
  `brand_id` int(10) unsigned NOT NULL,
  `category_id` int(10) unsigned NOT NULL,
  `created_at` timestamp NULL DEFAULT NULL,
  `updated_at` timestamp NULL DEFAULT NULL,
  PRIMARY KEY (`id`),
  UNIQUE KEY `products_name_unique` (`name`),
  KEY `products_brand_id_foreign` (`brand_id`),
  KEY `products_category_id_foreign` (`category_id`),
  CONSTRAINT `products_brand_id_foreign` FOREIGN KEY (`brand_id`) REFERENCES `brands` (`id`),
  CONSTRAINT `products_category_id_foreign` FOREIGN KEY (`category_id`) REFERENCES `categories` (`id`)
) ENGINE=InnoDB AUTO_INCREMENT=9 DEFAULT CHARSET=utf8mb4 COLLATE=utf8mb4_unicode_ci;

-- Volcando datos para la tabla cupon_store.products: ~8 rows (aproximadamente)
DELETE FROM `products`;
/*!40000 ALTER TABLE `products` DISABLE KEYS */;
INSERT INTO `products` (`id`, `name`, `description`, `image`, `image_m`, `image_s`, `brand_id`, `category_id`, `created_at`, `updated_at`) VALUES
	(1, 'producto de ejemplo', 'Sin descripcion', '/images/productos/KJCubRRJBLzoKNsi7tdt4iZhwkre3kNFZsOc3G3B.jpeg', 'https://cuponstore.dev/images/productos/KJCubRRJBLzoKNsi7tdt4iZhwkre3kNFZsOc3G3B.jpeg', NULL, 1, 1, '2019-03-04 16:37:19', '2019-03-04 16:37:19'),
	(2, 'Televisor 32"', 'Sin descripcion', '/images/productos/KJCubRRJBLzoKNsi7tdt4iZhwkre3kNFZsOc3G3B.jpeg', 'https://cuponstore.dev/images/productos/KJCubRRJBLzoKNsi7tdt4iZhwkre3kNFZsOc3G3B.jpeg', NULL, 1, 2, '2019-03-06 00:48:27', '2019-03-06 00:48:27'),
	(3, 'Zapatillas Black and White', 'Solo esta en tallas: 36, 37, 38', '/images/productos/yfpINBgkttU9fyeTakv553xrdsqxUb1yDCstmRgy.jpeg', 'https://cuponstore.dev/images/productos/yfpINBgkttU9fyeTakv553xrdsqxUb1yDCstmRgy.jpeg', NULL, 1, 10, '2019-03-06 00:59:09', '2019-03-06 00:59:09'),
	(4, 'Camisa', 'Solo esta en tallas: 36, 37, 38', '/images/productos/nO9w4ZxzqlY50c4QNFlU0I740Q28IUu6HRtKPiWV.jpeg', NULL, NULL, 1, 10, '2019-03-06 11:13:39', '2019-03-06 11:13:39'),
	(5, 'Computador', 'Última generación', '/images/productos/9YSZkqExYzhcabLw2uwQWRxVx2tlU8N8WrcGMqSl.jpeg', NULL, NULL, 1, 1, '2019-03-06 11:16:01', '2019-03-06 11:16:01'),
	(6, 'DBS', 'U', '/images/productos/MugugAzn5DqG8HdZOZGQkZXb1zLB2VkqbVANmOnp.png', NULL, NULL, 1, 11, '2019-03-06 11:17:00', '2019-03-06 11:17:00'),
	(7, 'Portatil Gamer', 'El mejor pc para gamers', 'images/productos/w75fioannUftdqi5CPuSzIUpVFifVcXXPJrjGJR0.jpeg', NULL, NULL, 1, 1, '2019-03-06 11:32:18', '2019-03-06 11:32:18'),
	(8, 'Mouse Gamer', 'El mejor mouse para gamers', 'images/productos/OQS0PpDzDYCVa416J2YtsWryO3IszQMme6iaTGI5.jpeg', NULL, NULL, 38, 8, '2019-03-06 16:51:13', '2019-03-06 16:51:13');
/*!40000 ALTER TABLE `products` ENABLE KEYS */;

-- Volcando estructura para tabla cupon_store.purchases
DROP TABLE IF EXISTS `purchases`;
CREATE TABLE IF NOT EXISTS `purchases` (
  `id` int(10) unsigned NOT NULL AUTO_INCREMENT,
  `coupon_code` varchar(30) COLLATE utf8mb4_unicode_ci NOT NULL,
  `state` enum('Pendiente','Reclamado','Vencido') COLLATE utf8mb4_unicode_ci NOT NULL,
  `coupon_id` int(10) unsigned NOT NULL,
  `person_id` int(10) unsigned NOT NULL,
  `payment_method_id` int(10) unsigned NOT NULL,
  `created_at` timestamp NULL DEFAULT NULL,
  `updated_at` timestamp NULL DEFAULT NULL,
  PRIMARY KEY (`id`),
  UNIQUE KEY `purchases_coupon_code_unique` (`coupon_code`),
  KEY `purchases_coupon_id_foreign` (`coupon_id`),
  KEY `purchases_person_id_foreign` (`person_id`),
  KEY `purchases_payment_method_id_foreign` (`payment_method_id`),
  CONSTRAINT `purchases_coupon_id_foreign` FOREIGN KEY (`coupon_id`) REFERENCES `coupons` (`id`),
  CONSTRAINT `purchases_payment_method_id_foreign` FOREIGN KEY (`payment_method_id`) REFERENCES `payment_methods` (`id`),
  CONSTRAINT `purchases_person_id_foreign` FOREIGN KEY (`person_id`) REFERENCES `persons` (`id`)
) ENGINE=InnoDB DEFAULT CHARSET=utf8mb4 COLLATE=utf8mb4_unicode_ci;

-- Volcando datos para la tabla cupon_store.purchases: ~0 rows (aproximadamente)
DELETE FROM `purchases`;
/*!40000 ALTER TABLE `purchases` DISABLE KEYS */;
/*!40000 ALTER TABLE `purchases` ENABLE KEYS */;

-- Volcando estructura para tabla cupon_store.roles
DROP TABLE IF EXISTS `roles`;
CREATE TABLE IF NOT EXISTS `roles` (
  `id` int(10) unsigned NOT NULL AUTO_INCREMENT,
  `name` varchar(191) COLLATE utf8mb4_unicode_ci NOT NULL,
  `created_at` timestamp NULL DEFAULT NULL,
  `updated_at` timestamp NULL DEFAULT NULL,
  PRIMARY KEY (`id`)
) ENGINE=InnoDB AUTO_INCREMENT=7 DEFAULT CHARSET=utf8mb4 COLLATE=utf8mb4_unicode_ci;

-- Volcando datos para la tabla cupon_store.roles: ~6 rows (aproximadamente)
DELETE FROM `roles`;
/*!40000 ALTER TABLE `roles` DISABLE KEYS */;
INSERT INTO `roles` (`id`, `name`, `created_at`, `updated_at`) VALUES
	(1, 'Administrador', '2019-03-04 16:37:19', '2019-03-04 16:37:19'),
	(2, 'Empresario', '2019-03-04 16:37:19', '2019-03-04 16:37:19'),
	(3, 'Publicista', '2019-03-04 16:37:19', '2019-03-04 16:37:19'),
	(4, 'Registrado', '2019-03-04 16:37:19', '2019-03-04 16:37:19'),
	(5, 'Cliente', '2019-03-04 16:37:19', '2019-03-04 16:37:19'),
	(6, 'Checker', '2019-03-04 16:37:19', '2019-03-04 16:37:19');
/*!40000 ALTER TABLE `roles` ENABLE KEYS */;

-- Volcando estructura para tabla cupon_store.users
DROP TABLE IF EXISTS `users`;
CREATE TABLE IF NOT EXISTS `users` (
  `id` int(10) unsigned NOT NULL AUTO_INCREMENT,
  `email` varchar(191) COLLATE utf8mb4_unicode_ci NOT NULL,
  `password` varchar(191) COLLATE utf8mb4_unicode_ci NOT NULL,
  `person_id` int(10) unsigned NOT NULL,
  `remember_token` varchar(100) COLLATE utf8mb4_unicode_ci DEFAULT NULL,
  `created_at` timestamp NULL DEFAULT NULL,
  `updated_at` timestamp NULL DEFAULT NULL,
  PRIMARY KEY (`id`),
  UNIQUE KEY `users_email_unique` (`email`),
  KEY `users_person_id_foreign` (`person_id`),
  CONSTRAINT `users_person_id_foreign` FOREIGN KEY (`person_id`) REFERENCES `persons` (`id`)
) ENGINE=InnoDB AUTO_INCREMENT=13 DEFAULT CHARSET=utf8mb4 COLLATE=utf8mb4_unicode_ci;

-- Volcando datos para la tabla cupon_store.users: ~12 rows (aproximadamente)
DELETE FROM `users`;
/*!40000 ALTER TABLE `users` DISABLE KEYS */;
INSERT INTO `users` (`id`, `email`, `password`, `person_id`, `remember_token`, `created_at`, `updated_at`) VALUES
	(1, 'admin@cuponstore.com', '$2y$10$d3v8/zybgWBTnL6yJi512.yVRAwanq/VoDqOZ444uX2OzZrPmrUqC', 1, 'oSDlHIGoCL7BqorjFXPCWASVZeCG1iMiK3cQ1bLwusB9PTP8r0E21EoamAOg', '2019-03-04 16:37:19', '2019-03-04 16:37:19'),
	(2, 'publicista@cuponstore.com', '$2y$10$XEEfVjUl8H/OqfiaB1eeJumBwTp9mA69R6DK55UQ46DdvBr0cdMk6', 2, '0oBzejR4zTDIiPjNE3WF5zIqMRTlIvstGMEBu7TyxwNYnm1ZJVfRzb9Ktzzq', '2019-03-05 01:58:15', '2019-03-05 01:58:15'),
	(3, 'empresario@gmail.com', '$2y$10$1jpgYCni9.uzWBe/toJhVOHFnzvxbuwvmfsVHcymgOXwPJWQz6J2e', 3, 'ZKYJss9hcR66Q8Egzv50HP5H3zp8StysGIKXs2mgOpGylwTSFTKiavgr9ZGw', '2019-03-05 02:52:08', '2019-03-05 02:52:08'),
	(4, 'empresarioE@gmail.com', '$2y$10$GYaybO4qmjQ.M5UyVfHpwezNbX7xEuUDncd6Xn2i0LALguGoZO3v.', 4, NULL, '2019-03-05 13:54:39', '2019-03-05 13:54:39'),
	(5, 'empresario2@gmail.com', '$2y$10$aMTUTj7dnwORGtNkBaQDu.VKJixq9tiMpt0/fiIrOsnRvjzAgt/eK', 5, NULL, '2019-03-05 23:40:53', '2019-03-05 23:40:53'),
	(6, 'checker@gmail.com2', '$2y$10$BpgoOSk0EiIZmqaoIIWqsuIOkkMPI.TTteGwY3ZnmbRD0Z5etpyWq', 6, NULL, '2019-03-05 23:42:15', '2019-03-05 23:42:15'),
	(7, 'cliente@gmail.com', '$2y$10$svWAQrKBA9dxOZtF1HyPxuHV6bxOJRM.YQQzzGu4R9Kmn1EadSj1e', 7, 'NnIxxxITyYERCoFNr7Xjng2xWt2CpNFzmVhvlgN5xMGrNXOGobIjfWNwE5QR', '2019-03-05 23:42:42', '2019-03-05 23:42:42'),
	(8, 'luisa@cuponstore.com', '$2y$10$5L/3a66RvvlLE6wykrmJZOZ/nEVeiPq9xtBXp.7xxWC8/6U6E4DGq', 8, NULL, '2019-03-06 11:14:02', '2019-03-06 11:14:02'),
	(9, 'karenliliguancha@unicauca.edu.co', '$2y$10$fwwFxChFMVNZAk1mq0h1T.ZAuQqY/5nxd1yKQTOPyynd1RFzP45om', 9, NULL, '2019-03-06 16:30:35', '2019-03-06 16:30:35'),
	(10, 'juan@miempresa.com', '$2y$10$BOOH0NRXY5VBby3gwPLnrujo275.KGiTTHtAn2JuKwfwj6WhrM6QC', 10, NULL, '2019-03-06 16:55:33', '2019-03-06 16:55:33'),
	(11, 'fabian@unicauca.edu.co', '$2y$10$8tt0W6bPrT5H6iAKK3HuyO.fAzp6nrp29SETtmd4itXHkWgCgWVHS', 11, NULL, '2019-03-06 17:43:46', '2019-03-06 17:43:46'),
	(12, 'juan@gmail.com', '$2y$10$3oVOIjPSG/ial4ScVGyp1.XxCSm13PFnf1dVK5vF9TVWoFTV34Sli', 12, 'kfLz4w597TCKbxA2ImNIQtGOKZAbC9KmznJNgleX5R1u64eNsFaAifuvknS1', '2019-03-08 10:03:15', '2019-03-08 10:03:15');
/*!40000 ALTER TABLE `users` ENABLE KEYS */;

/*!40101 SET SQL_MODE=IFNULL(@OLD_SQL_MODE, '') */;
/*!40014 SET FOREIGN_KEY_CHECKS=IF(@OLD_FOREIGN_KEY_CHECKS IS NULL, 1, @OLD_FOREIGN_KEY_CHECKS) */;
/*!40101 SET CHARACTER_SET_CLIENT=@OLD_CHARACTER_SET_CLIENT */;
